{"type":"FeatureCollection","features":[{"type":"Feature","geometry":{"type":"LineString","coordinates":[[-78.1302,39.6872],[-78.1269,39.6866]]},"properties":{"gnis_name":"Potomac River","streamorde":7}},{"type":"Feature","geometry":{"type":"LineString","coordinates":[[-78.9339,39.1244],[-78.9267,39.1349]]},"properties":{"gnis_name":"South Branch Potomac River","streamorde":6}},{"type":"Feature","geometry":{"type":"LineString","coordinates":[[-79.2276,38.9213],[-79.2261,38.9251]]},"properties":{"gnis_name":"South Branch Potomac River","streamorde":5}},{"type":"Feature","geometry":{"type":"LineString","coordinates":[[-79.1622,39.4073],[-79.1601,39.4088]]},"properties":{"gnis_name":"North Branch Potomac River","streamorde":5}},{"type":"Feature","geometry":{"type":"LineString","coordinates":[[-77.2424,39.0254],[-77.2428,39.0192]]},"properties":{"gnis_name":"Potomac River","streamorde":8}},{"type":"Feature","geometry":{"type":"LineString","coordinates":[[-78.9425,39.1154],[-78.9421,39.1163]]},"properties":{"gnis_name":"South Branch Potomac River","streamorde":6}},{"type":"Feature","geometry":{"type":"LineString","coordinates":[[-78.9751,39.0756],[-78.9746,39.0776]]},"properties":{"gnis_name":"South Branch Potomac River","streamorde":6}},{"type":"Feature","geometry":{"type":"LineString","coordinates":[[-78.5056,39.182],[-78.5097,39.1884],[-78.5042,39.1914]]},"properties":{"gnis_name":"Cacapon River","streamorde":5}},{"type":"Feature","geometry":{"type":"LineString","coordinates":[[-77.3335,39.1197],[-77.3325,39.1168]]},"properties":{"gnis_name":"Seneca Creek","streamorde":5}},{"type":"Feature","geometry":{"type":"LineString","coordinates":[[-77.0443,38.8773],[-77.0431,38.8764]]},"properties":{"gnis_name":"Potomac River","streamorde":8}},{"type":"Feature","geometry":{"type":"LineString","coordinates":[[-77.0964,38.9089],[-77.0927,38.9068]]},"properties":{"gnis_name":"Potomac River","streamorde":8}},{"type":"Feature","geometry":{"type":"LineString","coordinates":[[-78.1123,38.957],[-78.1117,38.9569]]},"properties":{"gnis_name":"Shenandoah River","streamorde":7}},{"type":"Feature","geometry":{"type":"LineString","coordinates":[[-78.2835,39.621],[-78.2827,39.6209]]},"properties":{"gnis_name":"Potomac River","streamorde":7}},{"type":"Feature","geometry":{"type":"LineString","coordinates":[[-77.4424,39.2438],[-77.4479,39.2402]]},"properties":{"gnis_name":"Monocacy River","streamorde":7}},{"type":"Feature","geometry":{"type":"LineString","coordinates":[[-79.4167,38.5717],[-79.4062,38.5895]]},"properties":{"gnis_name":"South Branch Potomac River","streamorde":5}},{"type":"Feature","geometry":{"type":"LineString","coordinates":[[-79.3518,38.6104],[-79.351,38.611]]},"properties":{"gnis_name":"South Branch Potomac River","streamorde":5}},{"type":"Feature","geometry":{"type":"LineString","coordinates":[[-78.0254,38.9054],[-78.0182,38.9049]]},"properties":{"gnis_name":"Goose Creek","streamorde":3}},{"type":"Feature","geometry":{"type":"LineString","coordinates":[[-78.629,39.5394],[-78.6055,39.534]]},"properties":{"gnis_name":"North Branch Potomac River","streamorde":6}},{"type":"Feature","geometry":{"type":"LineString","coordinates":[[-78.4225,39.3269],[-78.4247,39.3284]]},"properties":{"gnis_name":"Cacapon River","streamorde":5}},{"type":"Feature","geometry":{"type":"LineString","coordinates":[[-77.0308,38.8334],[-77.031,38.831]]},"properties":{"gnis_name":"Potomac River","streamorde":8}},{"type":"Feature","geometry":{"type":"LineString","coordinates":[[-77.2208,38.5749],[-77.2269,38.5642]]},"properties":{"gnis_name":"Potomac River","streamorde":8}},{"type":"Feature","geometry":{"type":"LineString","coordinates":[[-77.3392,39.0796],[-77.3418,39.071]]},"properties":{"gnis_name":"Seneca Creek","streamorde":5}},{"type":"Feature","geometry":{"type":"LineString","coordinates":[[-77.7266,39.3228],[-77.7263,39.3227]]},"properties":{"gnis_name":"Potomac River","streamorde":8}},{"type":"Feature","geometry":{"type":"LineString","coordinates":[[-77.9735,39.0917],[-77.9741,39.0939]]},"properties":{"gnis_name":"Shenandoah River","streamorde":7}},{"type":"Feature","geometry":{"type":"LineString","coordinates":[[-77.7069,39.5887],[-77.707,39.5885]]},"properties":{"gnis_name":"Antietam Creek","streamorde":5}},{"type":"Feature","geometry":{"type":"LineString","coordinates":[[-78.1537,38.9701],[-78.1492,38.9705]]},"properties":{"gnis_name":"Shenandoah River","streamorde":7}},{"type":"Feature","geometry":{"type":"LineString","coordinates":[[-78.448,39.2755],[-78.4406,39.2872]]},"properties":{"gnis_name":"Cacapon River","streamorde":5}},{"type":"Feature","geometry":{"type":"LineString","coordinates":[[-78.0326,38.906],[-78.0263,38.9053]]},"properties":{"gnis_name":"Goose Creek","streamorde":3}},{"type":"Feature","geometry":{"type":"LineString","coordinates":[[-79.0372,39.4771],[-79.036,39.4713]]},"properties":{"gnis_name":"North Branch Potomac River","streamorde":6}},{"type":"Feature","geometry":{"type":"LineString","coordinates":[[-77.8189,39.6107],[-77.822,39.6031]]},"properties":{"gnis_name":"Conococheague Creek","streamorde":6}},{"type":"Feature","geometry":{"type":"LineString","coordinates":[[-77.7904,39.7475],[-77.7881,39.7467]]},"properties":{"gnis_name":"Conococheague Creek","streamorde":6}},{"type":"Feature","geometry":{"type":"LineString","coordinates":[[-78.0582,39.0187],[-78.0555,39.0236]]},"properties":{"gnis_name":"Shenandoah River","streamorde":7}},{"type":"Feature","geometry":{"type":"LineString","coordinates":[[-77.8617,39.1515],[-77.8618,39.1518]]},"properties":{"gnis_name":"Shenandoah River","streamorde":7}},{"type":"Feature","geometry":{"type":"LineString","coordinates":[[-77.0526,38.7034],[-77.0615,38.7012]]},"properties":{"gnis_name":"Potomac River","streamorde":8}},{"type":"Feature","geometry":{"type":"LineString","coordinates":[[-78.6511,39.5356],[-78.6487,39.5358]]},"properties":{"gnis_name":"North Branch Potomac River","streamorde":6}},{"type":"Feature","geometry":{"type":"LineString","coordinates":[[-77.9691,39.6069],[-77.9536,39.6081],[-77.9509,39.5986]]},"properties":{"gnis_name":"Potomac River","streamorde":7}},{"type":"Feature","geometry":{"type":"LineString","coordinates":[[-79.4984,39.1978],[-79.498,39.2028],[-79.4894,39.2062]]},"properties":{"gnis_name":"North Branch Potomac River","streamorde":2}},{"type":"Feature","geometry":{"type":"LineString","coordinates":[[-79.3206,38.6675],[-79.3279,38.6711]]},"properties":{"gnis_name":"South Branch Potomac River","streamorde":5}},{"type":"Feature","geometry":{"type":"LineString","coordinates":[[-78.6237,39.4776],[-78.6201,39.4788]]},"properties":{"gnis_name":"South Branch Potomac River","streamorde":6}},{"type":"Feature","geometry":{"type":"LineString","coordinates":[[-79.2553,39.3396],[-79.2575,39.3427]]},"properties":{"gnis_name":"North Branch Potomac River","streamorde":5}},{"type":"Feature","geometry":{"type":"LineString","coordinates":[[-77.7732,39.7855],[-77.7749,39.7863]]},"properties":{"gnis_name":"Conococheague Creek","streamorde":5}},{"type":"Feature","geometry":{"type":"LineString","coordinates":[[-77.3344,39.123],[-77.3335,39.1197]]},"properties":{"gnis_name":"Seneca Creek","streamorde":5}},{"type":"Feature","geometry":{"type":"LineString","coordinates":[[-77.6901,39.5713],[-77.6917,39.5687]]},"properties":{"gnis_name":"Antietam Creek","streamorde":5}},{"type":"Feature","geometry":{"type":"LineString","coordinates":[[-77.7614,38.9862],[-77.755,38.9884]]},"properties":{"gnis_name":"Goose Creek","streamorde":5}},{"type":"Feature","geometry":{"type":"LineString","coordinates":[[-79.3446,38.6152],[-79.3377,38.6255]]},"properties":{"gnis_name":"South Branch Potomac River","streamorde":5}},{"type":"Feature","geometry":{"type":"LineString","coordinates":[[-79.1821,38.9893],[-79.1809,38.9902]]},"properties":{"gnis_name":"South Branch Potomac River","streamorde":6}},{"type":"Feature","geometry":{"type":"LineString","coordinates":[[-77.6012,39.021],[-77.5919,39.0201]]},"properties":{"gnis_name":"Goose Creek","streamorde":6}},{"type":"Feature","geometry":{"type":"LineString","coordinates":[[-77.8447,39.5044],[-77.8458,39.4995]]},"properties":{"gnis_name":"Potomac River","streamorde":7}},{"type":"Feature","geometry":{"type":"LineString","coordinates":[[-78.2924,39.6239],[-78.2835,39.621]]},"properties":{"gnis_name":"Potomac River","streamorde":7}},{"type":"Feature","geometry":{"type":"LineString","coordinates":[[-79.329,38.6403],[-79.3254,38.6423]]},"properties":{"gnis_name":"South Branch Potomac River","streamorde":5}},{"type":"Feature","geometry":{"type":"LineString","coordinates":[[-78.82,39.5742],[-78.8204,39.5743]]},"properties":{"gnis_name":"North Branch Potomac River","streamorde":6}},{"type":"Feature","geometry":{"type":"LineString","coordinates":[[-78.4331,39.3416],[-78.4332,39.3417]]},"properties":{"gnis_name":"Cacapon River","streamorde":5}},{"type":"Feature","geometry":{"type":"LineString","coordinates":[[-77.2155,39.7144],[-77.2175,39.7117]]},"properties":{"gnis_name":"Monocacy River","streamorde":6}},{"type":"Feature","geometry":{"type":"LineString","coordinates":[[-77.5448,39.2732],[-77.5427,39.2721]]},"properties":{"gnis_name":"Potomac River","streamorde":8}},{"type":"Feature","geometry":{"type":"LineString","coordinates":[[-78.4032,39.4372],[-78.4026,39.437]]},"properties":{"gnis_name":"Cacapon River","streamorde":6}},{"type":"Feature","geometry":{"type":"LineString","coordinates":[[-77.1873,38.9685],[-77.1843,38.9688]]},"properties":{"gnis_name":"Potomac River","streamorde":8}},{"type":"Feature","geometry":{"type":"LineString","coordinates":[[-77.879,38.9285],[-77.8747,38.9251]]},"properties":{"gnis_name":"Goose Creek","streamorde":5}},{"type":"Feature","geometry":{"type":"LineString","coordinates":[[-78.5944,39.0829],[-78.5948,39.0833]]},"properties":{"gnis_name":"Cacapon River","streamorde":5}},{"type":"Feature","geometry":{"type":"LineString","coordinates":[[-77.3534,39.5336],[-77.3588,39.5288]]},"properties":{"gnis_name":"Monocacy River","streamorde":7}},{"type":"Feature","geometry":{"type":"LineString","coordinates":[[-77.2748,38.5206],[-77.2802,38.5124]]},"properties":{"gnis_name":"Potomac River","streamorde":8}},{"type":"Feature","geometry":{"type":"LineString","coordinates":[[-78.0026,39.0718],[-78.0042,39.0767]]},"properties":{"gnis_name":"Shenandoah River","streamorde":7}},{"type":"Feature","geometry":{"type":"LineString","coordinates":[[-77.0313,38.8288],[-77.0323,38.8192]]},"properties":{"gnis_name":"Potomac River","streamorde":8}},{"type":"Feature","geometry":{"type":"LineString","coordinates":[[-78.4307,39.3452],[-78.4306,39.3451]]},"properties":{"gnis_name":"Cacapon River","streamorde":5}},{"type":"Feature","geometry":{"type":"LineString","coordinates":[[-78.2634,39.6266],[-78.2634,39.6291]]},"properties":{"gnis_name":"Potomac River","streamorde":7}},{"type":"Feature","geometry":{"type":"LineString","coordinates":[[-78.849,39.2389],[-78.8389,39.2523]]},"properties":{"gnis_name":"South Branch Potomac River","streamorde":6}},{"type":"Feature","geometry":{"type":"LineString","coordinates":[[-79.0081,39.0155],[-79.0083,39.0195]]},"properties":{"gnis_name":"South Branch Potomac River","streamorde":6}},{"type":"Feature","geometry":{"type":"LineString","coordinates":[[-78.3555,39.5189],[-78.3551,39.5211]]},"properties":{"gnis_name":"Cacapon River","streamorde":6}},{"type":"Feature","geometry":{"type":"LineString","coordinates":[[-77.7901,39.493],[-77.79,39.4931]]},"properties":{"gnis_name":"Potomac River","streamorde":7}},{"type":"Feature","geometry":{"type":"LineString","coordinates":[[-78.5947,39.4989],[-78.5963,39.5004]]},"properties":{"gnis_name":"South Branch Potomac River","streamorde":6}},{"type":"Feature","geometry":{"type":"LineString","coordinates":[[-79.4526,38.8631],[-79.4485,38.863]]},"properties":{"gnis_name":"Seneca Creek","streamorde":5}},{"type":"Feature","geometry":{"type":"LineString","coordinates":[[-77.8747,38.9302],[-77.8747,38.9313]]},"properties":{"gnis_name":"Goose Creek","streamorde":5}},{"type":"Feature","geometry":{"type":"LineString","coordinates":[[-78.4506,39.5701],[-78.4517,39.5708]]},"properties":{"gnis_name":"Potomac River","streamorde":7}},{"type":"Feature","geometry":{"type":"LineString","coordinates":[[-79.3079,38.7126],[-79.3065,38.7155]]},"properties":{"gnis_name":"South Branch Potomac River","streamorde":5}},{"type":"Feature","geometry":{"type":"LineString","coordinates":[[-77.6197,39.7099],[-77.6261,39.7024]]},"properties":{"gnis_name":"Antietam Creek","streamorde":5}},{"type":"Feature","geometry":{"type":"LineString","coordinates":[[-79.438,38.5513],[-79.4346,38.5531]]},"properties":{"gnis_name":"South Branch Potomac River","streamorde":5}},{"type":"Feature","geometry":{"type":"LineString","coordinates":[[-77.6367,39.685],[-77.6366,39.6844]]},"properties":{"gnis_name":"Antietam Creek","streamorde":5}},{"type":"Feature","geometry":{"type":"LineString","coordinates":[[-79.4958,38.7984],[-79.495,38.8008]]},"properties":{"gnis_name":"Seneca Creek","streamorde":2}},{"type":"Feature","geometry":{"type":"LineString","coordinates":[[-78.5072,39.1797],[-78.5056,39.182]]},"properties":{"gnis_name":"Cacapon River","streamorde":5}},{"type":"Feature","geometry":{"type":"LineString","coordinates":[[-78.4349,39.2978],[-78.4303,39.3013]]},"properties":{"gnis_name":"Cacapon River","streamorde":5}},{"type":"Feature","geometry":{"type":"LineString","coordinates":[[-78.4058,39.4385],[-78.4054,39.4383]]},"properties":{"gnis_name":"Cacapon River","streamorde":6}},{"type":"Feature","geometry":{"type":"LineString","coordinates":[[-77.1684,38.9691],[-77.1661,38.9694]]},"properties":{"gnis_name":"Potomac River","streamorde":8}},{"type":"Feature","geometry":{"type":"LineString","coordinates":[[-78.7751,39.339],[-78.7686,39.3462]]},"properties":{"gnis_name":"South Branch Potomac River","streamorde":6}},{"type":"Feature","geometry":{"type":"LineString","coordinates":[[-77.2731,39.6442],[-77.2761,39.6396]]},"properties":{"gnis_name":"Monocacy River","streamorde":6}},{"type":"Feature","geometry":{"type":"LineString","coordinates":[[-78.5628,39.1078],[-78.5587,39.1106]]},"properties":{"gnis_name":"Cacapon River","streamorde":5}},{"type":"Feature","geometry":{"type":"LineString","coordinates":[[-77.8104,38.9886],[-77.809,38.9835]]},"properties":{"gnis_name":"Goose Creek","streamorde":5}},{"type":"Feature","geometry":{"type":"LineString","coordinates":[[-77.8096,39.4913],[-77.7901,39.493]]},"properties":{"gnis_name":"Potomac River","streamorde":7}},{"type":"Feature","geometry":{"type":"LineString","coordinates":[[-78.6098,39.4925],[-78.5902,39.4863],[-78.5812,39.4902]]},"properties":{"gnis_name":"South Branch Potomac River","streamorde":6}},{"type":"Feature","geometry":{"type":"LineString","coordinates":[[-77.3674,39.4506],[-77.3626,39.4479],[-77.3647,39.444]]},"properties":{"gnis_name":"Monocacy River","streamorde":7}},{"type":"Feature","geometry":{"type":"LineString","coordinates":[[-78.1917,39.6908],[-78.1821,39.6966]]},"properties":{"gnis_name":"Potomac River","streamorde":7}},{"type":"Feature","geometry":{"type":"LineString","coordinates":[[-78.405,39.461],[-78.4083,39.4657]]},"properties":{"gnis_name":"Cacapon River","streamorde":6}},{"type":"Feature","geometry":{"type":"LineString","coordinates":[[-79.2576,38.8772],[-79.2572,38.8771]]},"properties":{"gnis_name":"South Branch Potomac River","streamorde":5}},{"type":"Feature","geometry":{"type":"LineString","coordinates":[[-78.738,39.3825],[-78.7381,39.3829]]},"properties":{"gnis_name":"South Branch Potomac River","streamorde":6}},{"type":"Feature","geometry":{"type":"LineString","coordinates":[[-78.1484,38.9548],[-78.1585,38.9666],[-78.1537,38.9701]]},"properties":{"gnis_name":"Shenandoah River","streamorde":7}},{"type":"Feature","geometry":{"type":"LineString","coordinates":[[-78.821,39.5744],[-78.8222,39.5758]]},"properties":{"gnis_name":"North Branch Potomac River","streamorde":6}},{"type":"Feature","geometry":{"type":"LineString","coordinates":[[-77.8713,39.1382],[-77.8708,39.1388]]},"properties":{"gnis_name":"Shenandoah River","streamorde":7}},{"type":"Feature","geometry":{"type":"LineString","coordinates":[[-77.8881,38.9159],[-77.8878,38.9186]]},"properties":{"gnis_name":"Goose Creek","streamorde":5}},{"type":"Feature","geometry":{"type":"LineString","coordinates":[[-79.128,39.4191],[-79.1279,39.4194]]},"properties":{"gnis_name":"North Branch Potomac River","streamorde":5}},{"type":"Feature","geometry":{"type":"LineString","coordinates":[[-77.3412,39.0688],[-77.341,39.0684]]},"properties":{"gnis_name":"Seneca Creek","streamorde":5}},{"type":"Feature","geometry":{"type":"LineString","coordinates":[[-79.3519,38.6103],[-79.3518,38.6104]]},"properties":{"gnis_name":"South Branch Potomac River","streamorde":5}},{"type":"Feature","geometry":{"type":"LineString","coordinates":[[-77.1637,38.9692],[-77.1615,38.9689]]},"properties":{"gnis_name":"Potomac River","streamorde":8}},{"type":"Feature","geometry":{"type":"LineString","coordinates":[[-79.2842,39.3155],[-79.2825,39.3228]]},"properties":{"gnis_name":"North Branch Potomac River","streamorde":4}},{"type":"Feature","geometry":{"type":"LineString","coordinates":[[-78.7474,39.4019],[-78.7568,39.4099]]},"properties":{"gnis_name":"South Branch Potomac River","streamorde":6}},{"type":"Feature","geometry":{"type":"LineString","coordinates":[[-78.5431,39.5224],[-78.5331,39.5235]]},"properties":{"gnis_name":"Potomac River","streamorde":7}},{"type":"Feature","geometry":{"type":"LineString","coordinates":[[-79.3291,38.6784],[-79.3137,38.6878]]},"properties":{"gnis_name":"South Branch Potomac River","streamorde":5}},{"type":"Feature","geometry":{"type":"LineString","coordinates":[[-77.1096,38.9227],[-77.1068,38.9204]]},"properties":{"gnis_name":"Potomac River","streamorde":8}},{"type":"Feature","geometry":{"type":"LineString","coordinates":[[-78.0182,38.9049],[-78.0098,38.9046]]},"properties":{"gnis_name":"Goose Creek","streamorde":3}},{"type":"Feature","geometry":{"type":"LineString","coordinates":[[-77.3898,39.4762],[-77.3905,39.4741]]},"properties":{"gnis_name":"Monocacy River","streamorde":7}},{"type":"Feature","geometry":{"type":"LineString","coordinates":[[-77.5178,39.1398],[-77.516,39.1326]]},"properties":{"gnis_name":"Potomac River","streamorde":8}},{"type":"Feature","geometry":{"type":"LineString","coordinates":[[-78.0938,39.676],[-78.0919,39.6746]]},"properties":{"gnis_name":"Potomac River","streamorde":7}},{"type":"Feature","geometry":{"type":"LineString","coordinates":[[-78.7212,39.4219],[-78.7151,39.4273]]},"properties":{"gnis_name":"South Branch Potomac River","streamorde":6}},{"type":"Feature","geometry":{"type":"LineString","coordinates":[[-79.4062,38.5895],[-79.3922,38.5914],[-79.373,38.6025]]},"properties":{"gnis_name":"South Branch Potomac River","streamorde":5}},{"type":"Feature","geometry":{"type":"LineString","coordinates":[[-77.8747,39.615],[-77.8681,39.6113]]},"properties":{"gnis_name":"Potomac River","streamorde":7}},{"type":"Feature","geometry":{"type":"LineString","coordinates":[[-78.6189,39.0793],[-78.6187,39.0794]]},"properties":{"gnis_name":"Cacapon River","streamorde":5}},{"type":"Feature","geometry":{"type":"LineString","coordinates":[[-78.4575,39.2572],[-78.457,39.2616]]},"properties":{"gnis_name":"Cacapon River","streamorde":5}},{"type":"Feature","geometry":{"type":"LineString","coordinates":[[-79.111,39.432],[-79.1169,39.4396],[-79.1063,39.4473]]},"properties":{"gnis_name":"North Branch Potomac River","streamorde":5}},{"type":"Feature","geometry":{"type":"LineString","coordinates":[[-77.4146,39.3273],[-77.412,39.3218]]},"properties":{"gnis_name":"Monocacy River","streamorde":7}},{"type":"Feature","geometry":{"type":"LineString","coordinates":[[-78.3239,39.6343],[-78.3206,39.6336]]},"properties":{"gnis_name":"Potomac River","streamorde":7}},{"type":"Feature","geometry":{"type":"LineString","coordinates":[[-77.0239,38.851],[-77.0286,38.8409]]},"properties":{"gnis_name":"Potomac River","streamorde":8}},{"type":"Feature","geometry":{"type":"LineString","coordinates":[[-78.4299,39.3035],[-78.4295,39.3058]]},"properties":{"gnis_name":"Cacapon River","streamorde":5}},{"type":"Feature","geometry":{"type":"LineString","coordinates":[[-77.3463,39.5635],[-77.3466,39.5634]]},"properties":{"gnis_name":"Monocacy River","streamorde":7}},{"type":"Feature","geometry":{"type":"LineString","coordinates":[[-78.4584,39.5793],[-78.4586,39.5815]]},"properties":{"gnis_name":"Potomac River","streamorde":7}},{"type":"Feature","geometry":{"type":"LineString","coordinates":[[-77.7955,38.9868],[-77.7914,38.9869]]},"properties":{"gnis_name":"Goose Creek","streamorde":5}},{"type":"Feature","geometry":{"type":"LineString","coordinates":[[-77.8301,39.5965],[-77.8299,39.595]]},"properties":{"gnis_name":"Potomac River","streamorde":7}},{"type":"Feature","geometry":{"type":"LineString","coordinates":[[-78.7957,39.6111],[-78.8007,39.6243]]},"properties":{"gnis_name":"North Branch Potomac River","streamorde":6}},{"type":"Feature","geometry":{"type":"LineString","coordinates":[[-77.9473,39.5859],[-77.9391,39.588],[-77.9364,39.6025],[-77.945,39.6177],[-77.9337,39.6193],[-77.9264,39.6117]]},"properties":{"gnis_name":"Potomac River","streamorde":7}},{"type":"Feature","geometry":{"type":"LineString","coordinates":[[-77.2512,39.004],[-77.2525,39.0025]]},"properties":{"gnis_name":"Potomac River","streamorde":8}},{"type":"Feature","geometry":{"type":"LineString","coordinates":[[-79.4901,38.8123],[-79.4887,38.8158]]},"properties":{"gnis_name":"Seneca Creek","streamorde":2}},{"type":"Feature","geometry":{"type":"LineString","coordinates":[[-78.2077,39.6767],[-78.2013,39.6781],[-78.1928,39.6895]]},"properties":{"gnis_name":"Potomac River","streamorde":7}},{"type":"Feature","geometry":{"type":"LineString","coordinates":[[-77.2155,39.6986],[-77.2163,39.6974]]},"properties":{"gnis_name":"Monocacy River","streamorde":6}},{"type":"Feature","geometry":{"type":"LineString","coordinates":[[-79.4607,38.8598],[-79.4526,38.8631]]},"properties":{"gnis_name":"Seneca Creek","streamorde":4}},{"type":"Feature","geometry":{"type":"LineString","coordinates":[[-78.928,39.1436],[-78.9233,39.1475]]},"properties":{"gnis_name":"South Branch Potomac River","streamorde":6}},{"type":"Feature","geometry":{"type":"LineString","coordinates":[[-79.1809,38.9902],[-79.1753,38.9924]]},"properties":{"gnis_name":"South Branch Potomac River","streamorde":6}},{"type":"Feature","geometry":{"type":"LineString","coordinates":[[-78.7865,39.3269],[-78.7839,39.331]]},"properties":{"gnis_name":"South Branch Potomac River","streamorde":6}},{"type":"Feature","geometry":{"type":"LineString","coordinates":[[-77.4099,39.3625],[-77.4087,39.3521]]},"properties":{"gnis_name":"Monocacy River","streamorde":7}},{"type":"Feature","geometry":{"type":"LineString","coordinates":[[-77.7297,39.4456],[-77.7282,39.4416],[-77.7348,39.4401]]},"properties":{"gnis_name":"Antietam Creek","streamorde":5}},{"type":"Feature","geometry":{"type":"LineString","coordinates":[[-77.864,39.5332],[-77.8653,39.5246]]},"properties":{"gnis_name":"Potomac River","streamorde":7}},{"type":"Feature","geometry":{"type":"LineString","coordinates":[[-77.388,39.4803],[-77.3898,39.4762]]},"properties":{"gnis_name":"Monocacy River","streamorde":7}},{"type":"Feature","geometry":{"type":"LineString","coordinates":[[-78.4208,39.4093],[-78.4197,39.411]]},"properties":{"gnis_name":"Cacapon River","streamorde":6}},{"type":"Feature","geometry":{"type":"LineString","coordinates":[[-78.9662,39.4391],[-78.9641,39.4387]]},"properties":{"gnis_name":"North Branch Potomac River","streamorde":6}},{"type":"Feature","geometry":{"type":"LineString","coordinates":[[-79.0114,39.0107],[-79.0081,39.0152]]},"properties":{"gnis_name":"South Branch Potomac River","streamorde":6}},{"type":"Feature","geometry":{"type":"LineString","coordinates":[[-77.7443,39.4084],[-77.741,39.4047]]},"properties":{"gnis_name":"Potomac River","streamorde":7}},{"type":"Feature","geometry":{"type":"LineString","coordinates":[[-78.9923,39.4538],[-78.9901,39.4527]]},"properties":{"gnis_name":"North Branch Potomac River","streamorde":6}},{"type":"Feature","geometry":{"type":"LineString","coordinates":[[-77.3418,39.071],[-77.3412,39.0688]]},"properties":{"gnis_name":"Seneca Creek","streamorde":5}},{"type":"Feature","geometry":{"type":"LineString","coordinates":[[-78.0583,39.0013],[-78.0592,39.0029]]},"properties":{"gnis_name":"Shenandoah River","streamorde":7}},{"type":"Feature","geometry":{"type":"LineString","coordinates":[[-79.2152,38.9658],[-79.209,38.9811]]},"properties":{"gnis_name":"South Branch Potomac River","streamorde":5}},{"type":"Feature","geometry":{"type":"LineString","coordinates":[[-78.8756,39.2029],[-78.8672,39.2116]]},"properties":{"gnis_name":"South Branch Potomac River","streamorde":6}},{"type":"Feature","geometry":{"type":"LineString","coordinates":[[-77.3588,39.5288],[-77.37,39.5202]]},"properties":{"gnis_name":"Monocacy River","streamorde":7}},{"type":"Feature","geometry":{"type":"LineString","coordinates":[[-78.5444,39.1437],[-78.5464,39.1448]]},"properties":{"gnis_name":"Cacapon River","streamorde":5}},{"type":"Feature","geometry":{"type":"LineString","coordinates":[[-77.8323,38.9622],[-77.8309,38.9619]]},"properties":{"gnis_name":"Goose Creek","streamorde":5}},{"type":"Feature","geometry":{"type":"LineString","coordinates":[[-77.8477,38.9551],[-77.8458,38.9549]]},"properties":{"gnis_name":"Goose Creek","streamorde":5}},{"type":"Feature","geometry":{"type":"LineString","coordinates":[[-79.1063,39.4473],[-79.1035,39.4497]]},"properties":{"gnis_name":"North Branch Potomac River","streamorde":5}},{"type":"Feature","geometry":{"type":"LineString","coordinates":[[-77.4508,39.2359],[-77.4502,39.2349]]},"properties":{"gnis_name":"Monocacy River","streamorde":7}},{"type":"Feature","geometry":{"type":"LineString","coordinates":[[-78.7096,39.5587],[-78.6994,39.5546]]},"properties":{"gnis_name":"North Branch Potomac River","streamorde":6}},{"type":"Feature","geometry":{"type":"LineString","coordinates":[[-79.3872,39.2637],[-79.3878,39.2674]]},"properties":{"gnis_name":"North Branch Potomac River","streamorde":4}},{"type":"Feature","geometry":{"type":"LineString","coordinates":[[-77.7091,39.5989],[-77.7099,39.5953]]},"properties":{"gnis_name":"Antietam Creek","streamorde":5}},{"type":"Feature","geometry":{"type":"LineString","coordinates":[[-77.9964,39.071],[-78.0026,39.0718]]},"properties":{"gnis_name":"Shenandoah River","streamorde":7}},{"type":"Feature","geometry":{"type":"LineString","coordinates":[[-77.8109,39.696],[-77.806,39.6913]]},"properties":{"gnis_name":"Conococheague Creek","streamorde":6}},{"type":"Feature","geometry":{"type":"LineString","coordinates":[[-78.1068,38.9573],[-78.1023,38.9591]]},"properties":{"gnis_name":"Shenandoah River","streamorde":7}},{"type":"Feature","geometry":{"type":"LineString","coordinates":[[-77.7454,38.9964],[-77.7418,39.0001]]},"properties":{"gnis_name":"Goose Creek","streamorde":5}},{"type":"Feature","geometry":{"type":"LineString","coordinates":[[-77.2581,38.5388],[-77.2665,38.5359]]},"properties":{"gnis_name":"Potomac River","streamorde":8}},{"type":"Feature","geometry":{"type":"LineString","coordinates":[[-78.045,39.6421],[-78.0376,39.6376]]},"properties":{"gnis_name":"Potomac River","streamorde":7}},{"type":"Feature","geometry":{"type":"LineString","coordinates":[[-77.4658,39.2132],[-77.4689,39.211]]},"properties":{"gnis_name":"Potomac River","streamorde":8}},{"type":"Feature","geometry":{"type":"LineString","coordinates":[[-77.3318,39.1115],[-77.3352,39.108]]},"properties":{"gnis_name":"Seneca Creek","streamorde":5}},{"type":"Feature","geometry":{"type":"LineString","coordinates":[[-77.9705,39.6056],[-77.9691,39.6069]]},"properties":{"gnis_name":"Potomac River","streamorde":7}},{"type":"Feature","geometry":{"type":"LineString","coordinates":[[-79.4968,38.7962],[-79.4958,38.7984]]},"properties":{"gnis_name":"Seneca Creek","streamorde":2}},{"type":"Feature","geometry":{"type":"LineString","coordinates":[[-79.1697,39.3903],[-79.166,39.3877]]},"properties":{"gnis_name":"North Branch Potomac River","streamorde":5}},{"type":"Feature","geometry":{"type":"LineString","coordinates":[[-78.001,38.9046],[-77.9962,38.9056]]},"properties":{"gnis_name":"Goose Creek","streamorde":3}},{"type":"Feature","geometry":{"type":"LineString","coordinates":[[-78.9056,39.511],[-78.8928,39.5137],[-78.8932,39.5244],[-78.8857,39.5229]]},"properties":{"gnis_name":"North Branch Potomac River","streamorde":6}},{"type":"Feature","geometry":{"type":"LineString","coordinates":[[-79.162,39.3917],[-79.1625,39.3922]]},"properties":{"gnis_name":"North Branch Potomac River","streamorde":5}},{"type":"Feature","geometry":{"type":"LineString","coordinates":[[-79.3279,38.6711],[-79.3305,38.6723]]},"properties":{"gnis_name":"South Branch Potomac River","streamorde":5}},{"type":"Feature","geometry":{"type":"LineString","coordinates":[[-79.2301,38.946],[-79.2285,38.9471]]},"properties":{"gnis_name":"South Branch Potomac River","streamorde":5}},{"type":"Feature","geometry":{"type":"LineString","coordinates":[[-79.0321,38.9992],[-79.0254,38.9974]]},"properties":{"gnis_name":"South Branch Potomac River","streamorde":6}},{"type":"Feature","geometry":{"type":"LineString","coordinates":[[-77.7098,39.63],[-77.6996,39.6251]]},"properties":{"gnis_name":"Antietam Creek","streamorde":5}},{"type":"Feature","geometry":{"type":"LineString","coordinates":[[-79.3891,38.8374],[-79.3717,38.8342]]},"properties":{"gnis_name":"Seneca Creek","streamorde":5}},{"type":"Feature","geometry":{"type":"LineString","coordinates":[[-77.388,39.4373],[-77.3788,39.4312]]},"properties":{"gnis_name":"Monocacy River","streamorde":7}},{"type":"Feature","geometry":{"type":"LineString","coordinates":[[-78.6187,39.4797],[-78.6169,39.4813]]},"properties":{"gnis_name":"South Branch Potomac River","streamorde":6}},{"type":"Feature","geometry":{"type":"LineString","coordinates":[[-77.6299,39.3088],[-77.628,39.3085]]},"properties":{"gnis_name":"Potomac River","streamorde":8}},{"type":"Feature","geometry":{"type":"LineString","coordinates":[[-77.7816,39.4299],[-77.7796,39.4298]]},"properties":{"gnis_name":"Potomac River","streamorde":7}},{"type":"Feature","geometry":{"type":"LineString","coordinates":[[-79.2433,38.8888],[-79.2358,38.8896],[-79.2469,38.8926],[-79.236,38.8968],[-79.2392,38.9046],[-79.2344,38.9083],[-79.2447,38.9093],[-79.2424,38.9148]]},"properties":{"gnis_name":"South Branch Potomac River","streamorde":5}},{"type":"Feature","geometry":{"type":"LineString","coordinates":[[-77.8553,39.1647],[-77.8578,39.1703]]},"properties":{"gnis_name":"Shenandoah River","streamorde":7}},{"type":"Feature","geometry":{"type":"LineString","coordinates":[[-78.1736,39.6965],[-78.172,39.696]]},"properties":{"gnis_name":"Potomac River","streamorde":7}},{"type":"Feature","geometry":{"type":"LineString","coordinates":[[-78.0148,39.3606],[-78.0145,39.3608]]},"properties":{"gnis_name":"Goose Creek","streamorde":1}},{"type":"Feature","geometry":{"type":"LineString","coordinates":[[-77.1421,38.9629],[-77.1411,38.9617]]},"properties":{"gnis_name":"Potomac River","streamorde":8}},{"type":"Feature","geometry":{"type":"LineString","coordinates":[[-77.1247,38.6592],[-77.121,38.6445],[-77.1247,38.6368]]},"properties":{"gnis_name":"Potomac River","streamorde":8}},{"type":"Feature","geometry":{"type":"LineString","coordinates":[[-77.6797,39.0126],[-77.6751,39.0173],[-77.6854,39.0199],[-77.6849,39.0241]]},"properties":{"gnis_name":"Goose Creek","streamorde":5}},{"type":"Feature","geometry":{"type":"LineString","coordinates":[[-79.0405,38.9981],[-79.0321,38.9992]]},"properties":{"gnis_name":"South Branch Potomac River","streamorde":6}},{"type":"Feature","geometry":{"type":"LineString","coordinates":[[-78.5787,39.5151],[-78.5818,39.5159]]},"properties":{"gnis_name":"South Branch Potomac River","streamorde":6}},{"type":"Feature","geometry":{"type":"LineString","coordinates":[[-77.5919,39.0201],[-77.5895,39.0192]]},"properties":{"gnis_name":"Goose Creek","streamorde":6}},{"type":"Feature","geometry":{"type":"LineString","coordinates":[[-77.7138,39.3223],[-77.713,39.323]]},"properties":{"gnis_name":"Potomac River","streamorde":8}},{"type":"Feature","geometry":{"type":"LineString","coordinates":[[-77.9101,38.9156],[-77.9091,38.9151]]},"properties":{"gnis_name":"Goose Creek","streamorde":5}},{"type":"Feature","geometry":{"type":"LineString","coordinates":[[-78.7654,39.6091],[-78.7713,39.6056]]},"properties":{"gnis_name":"North Branch Potomac River","streamorde":6}},{"type":"Feature","geometry":{"type":"LineString","coordinates":[[-78.3778,39.5152],[-78.3645,39.5118]]},"properties":{"gnis_name":"Cacapon River","streamorde":6}},{"type":"Feature","geometry":{"type":"LineString","coordinates":[[-77.2155,39.6987],[-77.2155,39.6986]]},"properties":{"gnis_name":"Monocacy River","streamorde":6}},{"type":"Feature","geometry":{"type":"LineString","coordinates":[[-78.9619,39.1024],[-78.9601,39.1033]]},"properties":{"gnis_name":"South Branch Potomac River","streamorde":6}},{"type":"Feature","geometry":{"type":"LineString","coordinates":[[-77.0615,38.7012],[-77.069,38.7002]]},"properties":{"gnis_name":"Potomac River","streamorde":8}},{"type":"Feature","geometry":{"type":"LineString","coordinates":[[-77.9214,39.1033],[-77.9195,39.1038]]},"properties":{"gnis_name":"Shenandoah River","streamorde":7}},{"type":"Feature","geometry":{"type":"LineString","coordinates":[[-77.7666,39.788],[-77.768,39.7878]]},"properties":{"gnis_name":"Conococheague Creek","streamorde":5}},{"type":"Feature","geometry":{"type":"LineString","coordinates":[[-77.7797,38.9803],[-77.7796,38.9803]]},"properties":{"gnis_name":"Goose Creek","streamorde":5}},{"type":"Feature","geometry":{"type":"LineString","coordinates":[[-78.4015,39.4416],[-78.4141,39.4465]]},"properties":{"gnis_name":"Cacapon River","streamorde":6}},{"type":"Feature","geometry":{"type":"LineString","coordinates":[[-79.496,38.8247],[-79.5007,38.8303]]},"properties":{"gnis_name":"Seneca Creek","streamorde":2}},{"type":"Feature","geometry":{"type":"LineString","coordinates":[[-79.1594,39.4135],[-79.1537,39.4182]]},"properties":{"gnis_name":"North Branch Potomac River","streamorde":5}},{"type":"Feature","geometry":{"type":"LineString","coordinates":[[-78.7686,39.3462],[-78.7653,39.3519]]},"properties":{"gnis_name":"South Branch Potomac River","streamorde":6}},{"type":"Feature","geometry":{"type":"LineString","coordinates":[[-77.7897,39.4933],[-77.7897,39.4934]]},"properties":{"gnis_name":"Potomac River","streamorde":7}},{"type":"Feature","geometry":{"type":"LineString","coordinates":[[-78.4248,39.3503],[-78.4243,39.3551],[-78.419,39.3557],[-78.4193,39.3642]]},"properties":{"gnis_name":"Cacapon River","streamorde":5}},{"type":"Feature","geometry":{"type":"LineString","coordinates":[[-77.5417,39.0278],[-77.5391,39.0313],[-77.5469,39.0333]]},"properties":{"gnis_name":"Goose Creek","streamorde":6}},{"type":"Feature","geometry":{"type":"LineString","coordinates":[[-79.3126,39.3043],[-79.2926,39.2989]]},"properties":{"gnis_name":"North Branch Potomac River","streamorde":4}},{"type":"Feature","geometry":{"type":"LineString","coordinates":[[-78.0389,39.021],[-78.0216,39.0225]]},"properties":{"gnis_name":"Shenandoah River","streamorde":7}},{"type":"Feature","geometry":{"type":"LineString","coordinates":[[-78.6604,39.5362],[-78.6511,39.5356]]},"properties":{"gnis_name":"North Branch Potomac River","streamorde":6}},{"type":"Feature","geometry":{"type":"LineString","coordinates":[[-78.8038,39.3062],[-78.7934,39.3177]]},"properties":{"gnis_name":"South Branch Potomac River","streamorde":6}},{"type":"Feature","geometry":{"type":"LineString","coordinates":[[-78.0098,38.9046],[-78.0044,38.903]]},"properties":{"gnis_name":"Goose Creek","streamorde":3}},{"type":"Feature","geometry":{"type":"LineString","coordinates":[[-77.7963,39.7584],[-77.7992,39.7579]]},"properties":{"gnis_name":"Conococheague Creek","streamorde":5}},{"type":"Feature","geometry":{"type":"LineString","coordinates":[[-78.0709,38.9083],[-78.0602,38.908]]},"properties":{"gnis_name":"Goose Creek","streamorde":1}},{"type":"Feature","geometry":{"type":"LineString","coordinates":[[-78.3703,39.5013],[-78.369,39.501]]},"properties":{"gnis_name":"Cacapon River","streamorde":6}},{"type":"Feature","geometry":{"type":"LineString","coordinates":[[-77.4558,39.2231],[-77.4579,39.2191]]},"properties":{"gnis_name":"Potomac River","streamorde":8}},{"type":"Feature","geometry":{"type":"LineString","coordinates":[[-77.7525,39.7905],[-77.7539,39.7877]]},"properties":{"gnis_name":"Conococheague Creek","streamorde":5}},{"type":"Feature","geometry":{"type":"LineString","coordinates":[[-77.7437,39.3668],[-77.7429,39.3573],[-77.7497,39.3478]]},"properties":{"gnis_name":"Potomac River","streamorde":7}},{"type":"Feature","geometry":{"type":"LineString","coordinates":[[-78.3474,39.6399],[-78.3413,39.6389]]},"properties":{"gnis_name":"Potomac River","streamorde":7}},{"type":"Feature","geometry":{"type":"LineString","coordinates":[[-78.0515,39.6478],[-78.0496,39.6457]]},"properties":{"gnis_name":"Potomac River","streamorde":7}},{"type":"Feature","geometry":{"type":"LineString","coordinates":[[-78.2791,39.6208],[-78.2661,39.6198],[-78.2635,39.6251]]},"properties":{"gnis_name":"Potomac River","streamorde":7}},{"type":"Feature","geometry":{"type":"LineString","coordinates":[[-78.427,39.6082],[-78.4275,39.6096]]},"properties":{"gnis_name":"Potomac River","streamorde":7}},{"type":"Feature","geometry":{"type":"LineString","coordinates":[[-78.1228,38.9583],[-78.1211,38.9583]]},"properties":{"gnis_name":"Shenandoah River","streamorde":7}},{"type":"Feature","geometry":{"type":"LineString","coordinates":[[-79.4076,38.8433],[-79.4059,38.8422]]},"properties":{"gnis_name":"Seneca Creek","streamorde":5}},{"type":"Feature","geometry":{"type":"LineString","coordinates":[[-78.4303,39.3448],[-78.4247,39.3449],[-78.4248,39.3503]]},"properties":{"gnis_name":"Cacapon River","streamorde":5}},{"type":"Feature","geometry":{"type":"LineString","coordinates":[[-78.7151,39.4273],[-78.709,39.4256]]},"properties":{"gnis_name":"South Branch Potomac River","streamorde":6}},{"type":"Feature","geometry":{"type":"LineString","coordinates":[[-77.0307,38.8345],[-77.0308,38.8334]]},"properties":{"gnis_name":"Potomac River","streamorde":8}},{"type":"Feature","geometry":{"type":"LineString","coordinates":[[-78.0592,39.0029],[-78.0593,39.0034]]},"properties":{"gnis_name":"Shenandoah River","streamorde":7}},{"type":"Feature","geometry":{"type":"LineString","coordinates":[[-77.4307,39.0742],[-77.4138,39.0708]]},"properties":{"gnis_name":"Potomac River","streamorde":8}},{"type":"Feature","geometry":{"type":"LineString","coordinates":[[-77.7089,39.5516],[-77.7069,39.5485]]},"properties":{"gnis_name":"Antietam Creek","streamorde":5}},{"type":"Feature","geometry":{"type":"LineString","coordinates":[[-77.8681,39.6113],[-77.8664,39.611]]},"properties":{"gnis_name":"Potomac River","streamorde":7}},{"type":"Feature","geometry":{"type":"LineString","coordinates":[[-78.0042,39.0364],[-77.9995,39.0412]]},"properties":{"gnis_name":"Shenandoah River","streamorde":7}},{"type":"Feature","geometry":{"type":"LineString","coordinates":[[-78.4054,39.4383],[-78.4032,39.4372]]},"properties":{"gnis_name":"Cacapon River","streamorde":6}},{"type":"Feature","geometry":{"type":"LineString","coordinates":[[-78.4064,39.4387],[-78.4058,39.4385]]},"properties":{"gnis_name":"Cacapon River","streamorde":6}},{"type":"Feature","geometry":{"type":"LineString","coordinates":[[-77.6079,39.0263],[-77.6017,39.0223]]},"properties":{"gnis_name":"Goose Creek","streamorde":6}},{"type":"Feature","geometry":{"type":"LineString","coordinates":[[-78.288,39.6021],[-78.284,39.6043]]},"properties":{"gnis_name":"Cacapon River","streamorde":6}},{"type":"Feature","geometry":{"type":"LineString","coordinates":[[-79.1537,39.4182],[-79.1488,39.4061]]},"properties":{"gnis_name":"North Branch Potomac River","streamorde":5}},{"type":"Feature","geometry":{"type":"LineString","coordinates":[[-78.4152,39.3252],[-78.4225,39.3269]]},"properties":{"gnis_name":"Cacapon River","streamorde":5}},{"type":"Feature","geometry":{"type":"LineString","coordinates":[[-77.86,38.9425],[-77.856,38.9534]]},"properties":{"gnis_name":"Goose Creek","streamorde":5}},{"type":"Feature","geometry":{"type":"LineString","coordinates":[[-78.4177,39.4159],[-78.4095,39.4139]]},"properties":{"gnis_name":"Cacapon River","streamorde":6}},{"type":"Feature","geometry":{"type":"LineString","coordinates":[[-78.3925,39.4929],[-78.3856,39.4974],[-78.379,39.4933]]},"properties":{"gnis_name":"Cacapon River","streamorde":6}},{"type":"Feature","geometry":{"type":"LineString","coordinates":[[-78.0936,38.9614],[-78.0914,38.9628]]},"properties":{"gnis_name":"Shenandoah River","streamorde":7}},{"type":"Feature","geometry":{"type":"LineString","coordinates":[[-79.4255,38.8511],[-79.4222,38.8469]]},"properties":{"gnis_name":"Seneca Creek","streamorde":5}},{"type":"Feature","geometry":{"type":"LineString","coordinates":[[-78.0706,38.9151],[-78.0709,38.915]]},"properties":{"gnis_name":"Goose Creek","streamorde":1}},{"type":"Feature","geometry":{"type":"LineString","coordinates":[[-77.6833,39.3256],[-77.6711,39.3256],[-77.6659,39.3194]]},"properties":{"gnis_name":"Potomac River","streamorde":8}},{"type":"Feature","geometry":{"type":"LineString","coordinates":[[-77.0676,38.9016],[-77.0658,38.9013]]},"properties":{"gnis_name":"Potomac River","streamorde":8}},{"type":"Feature","geometry":{"type":"LineString","coordinates":[[-77.217,39.7019],[-77.2152,39.6993]]},"properties":{"gnis_name":"Monocacy River","streamorde":6}},{"type":"Feature","geometry":{"type":"LineString","coordinates":[[-79.4588,39.2115],[-79.4526,39.2113]]},"properties":{"gnis_name":"North Branch Potomac River","streamorde":3}},{"type":"Feature","geometry":{"type":"LineString","coordinates":[[-77.8192,39.6272],[-77.8172,39.6237]]},"properties":{"gnis_name":"Conococheague Creek","streamorde":6}},{"type":"Feature","geometry":{"type":"LineString","coordinates":[[-77.7587,39.7885],[-77.7613,39.789]]},"properties":{"gnis_name":"Conococheague Creek","streamorde":5}},{"type":"Feature","geometry":{"type":"LineString","coordinates":[[-78.7412,39.3749],[-78.7409,39.3756]]},"properties":{"gnis_name":"South Branch Potomac River","streamorde":6}},{"type":"Feature","geometry":{"type":"LineString","coordinates":[[-78.3306,39.5392],[-78.3315,39.542]]},"properties":{"gnis_name":"Cacapon River","streamorde":6}},{"type":"Feature","geometry":{"type":"LineString","coordinates":[[-79.2742,38.7995],[-79.2771,38.8018]]},"properties":{"gnis_name":"South Branch Potomac River","streamorde":5}},{"type":"Feature","geometry":{"type":"LineString","coordinates":[[-77.6968,39.5738],[-77.6901,39.5713]]},"properties":{"gnis_name":"Antietam Creek","streamorde":5}},{"type":"Feature","geometry":{"type":"LineString","coordinates":[[-78.7839,39.331],[-78.7835,39.3356]]},"properties":{"gnis_name":"South Branch Potomac River","streamorde":6}},{"type":"Feature","geometry":{"type":"LineString","coordinates":[[-78.379,39.4933],[-78.3757,39.4939]]},"properties":{"gnis_name":"Cacapon River","streamorde":6}},{"type":"Feature","geometry":{"type":"LineString","coordinates":[[-78.6414,39.5366],[-78.641,39.5365]]},"properties":{"gnis_name":"North Branch Potomac River","streamorde":6}},{"type":"Feature","geometry":{"type":"LineString","coordinates":[[-77.8917,39.5982],[-77.8817,39.6004],[-77.8873,39.6153],[-77.8747,39.615]]},"properties":{"gnis_name":"Potomac River","streamorde":7}},{"type":"Feature","geometry":{"type":"LineString","coordinates":[[-77.8251,39.5298],[-77.8251,39.5165],[-77.8447,39.5044]]},"properties":{"gnis_name":"Potomac River","streamorde":7}},{"type":"Feature","geometry":{"type":"LineString","coordinates":[[-77.3255,39.0627],[-77.3199,39.0592]]},"properties":{"gnis_name":"Potomac River","streamorde":8}},{"type":"Feature","geometry":{"type":"LineString","coordinates":[[-79.3018,38.7247],[-79.2908,38.7353]]},"properties":{"gnis_name":"South Branch Potomac River","streamorde":5}},{"type":"Feature","geometry":{"type":"LineString","coordinates":[[-79.2022,39.3795],[-79.1944,39.3889]]},"properties":{"gnis_name":"North Branch Potomac River","streamorde":5}},{"type":"Feature","geometry":{"type":"LineString","coordinates":[[-77.4915,39.1137],[-77.4874,39.1122]]},"properties":{"gnis_name":"Potomac River","streamorde":8}},{"type":"Feature","geometry":{"type":"LineString","coordinates":[[-77.3889,39.374],[-77.388,39.37]]},"properties":{"gnis_name":"Monocacy River","streamorde":7}},{"type":"Feature","geometry":{"type":"LineString","coordinates":[[-78.3893,39.4556],[-78.3894,39.4557]]},"properties":{"gnis_name":"Cacapon River","streamorde":6}},{"type":"Feature","geometry":{"type":"LineString","coordinates":[[-78.3419,39.5259],[-78.3407,39.5258]]},"properties":{"gnis_name":"Cacapon River","streamorde":6}},{"type":"Feature","geometry":{"type":"LineString","coordinates":[[-78.8517,39.5536],[-78.8514,39.5585]]},"properties":{"gnis_name":"North Branch Potomac River","streamorde":6}},{"type":"Feature","geometry":{"type":"LineString","coordinates":[[-79.2771,38.8018],[-79.2757,38.8083],[-79.2825,38.81]]},"properties":{"gnis_name":"South Branch Potomac River","streamorde":5}},{"type":"Feature","geometry":{"type":"LineString","coordinates":[[-77.8173,39.2261],[-77.8107,39.2297]]},"properties":{"gnis_name":"Shenandoah River","streamorde":7}},{"type":"Feature","geometry":{"type":"LineString","coordinates":[[-77.3877,39.4833],[-77.3874,39.482]]},"properties":{"gnis_name":"Monocacy River","streamorde":7}},{"type":"Feature","geometry":{"type":"LineString","coordinates":[[-77.5615,39.0255],[-77.5574,39.0271]]},"properties":{"gnis_name":"Goose Creek","streamorde":6}},{"type":"Feature","geometry":{"type":"LineString","coordinates":[[-77.8618,39.1518],[-77.8614,39.1528]]},"properties":{"gnis_name":"Shenandoah River","streamorde":7}},{"type":"Feature","geometry":{"type":"LineString","coordinates":[[-78.5935,39.0823],[-78.5944,39.0829]]},"properties":{"gnis_name":"Cacapon River","streamorde":5}},{"type":"Feature","geometry":{"type":"LineString","coordinates":[[-77.3786,39.3899],[-77.3808,39.3861]]},"properties":{"gnis_name":"Monocacy River","streamorde":7}},{"type":"Feature","geometry":{"type":"LineString","coordinates":[[-78.4267,39.6246],[-78.4244,39.6247]]},"properties":{"gnis_name":"Potomac River","streamorde":7}},{"type":"Feature","geometry":{"type":"LineString","coordinates":[[-78.42,39.6022],[-78.4227,39.604]]},"properties":{"gnis_name":"Potomac River","streamorde":7}},{"type":"Feature","geometry":{"type":"LineString","coordinates":[[-78.0145,39.3608],[-78.0139,39.3609]]},"properties":{"gnis_name":"Goose Creek","streamorde":1}},{"type":"Feature","geometry":{"type":"LineString","coordinates":[[-78.997,39.0373],[-78.9917,39.043]]},"properties":{"gnis_name":"South Branch Potomac River","streamorde":6}},{"type":"Feature","geometry":{"type":"LineString","coordinates":[[-77.1668,38.6116],[-77.2048,38.6027]]},"properties":{"gnis_name":"Potomac River","streamorde":8}},{"type":"Feature","geometry":{"type":"LineString","coordinates":[[-77.7764,39.4998],[-77.7747,39.4997]]},"properties":{"gnis_name":"Potomac River","streamorde":7}},{"type":"Feature","geometry":{"type":"LineString","coordinates":[[-77.0323,38.8192],[-77.0321,38.8063]]},"properties":{"gnis_name":"Potomac River","streamorde":8}},{"type":"Feature","geometry":{"type":"LineString","coordinates":[[-78.4568,39.2403],[-78.4622,39.2438],[-78.4553,39.2513]]},"properties":{"gnis_name":"Cacapon River","streamorde":5}},{"type":"Feature","geometry":{"type":"LineString","coordinates":[[-77.5104,39.0814],[-77.5108,39.085]]},"properties":{"gnis_name":"Goose Creek","streamorde":6}},{"type":"Feature","geometry":{"type":"LineString","coordinates":[[-77.132,38.9535],[-77.1315,38.9525]]},"properties":{"gnis_name":"Potomac River","streamorde":8}},{"type":"Feature","geometry":{"type":"LineString","coordinates":[[-77.8247,38.9747],[-77.8185,38.9819]]},"properties":{"gnis_name":"Goose Creek","streamorde":5}},{"type":"Feature","geometry":{"type":"LineString","coordinates":[[-78.4291,39.5503],[-78.4208,39.5456]]},"properties":{"gnis_name":"Potomac River","streamorde":7}},{"type":"Feature","geometry":{"type":"LineString","coordinates":[[-79.2631,38.8764],[-79.2594,38.8775]]},"properties":{"gnis_name":"South Branch Potomac River","streamorde":5}},{"type":"Feature","geometry":{"type":"LineString","coordinates":[[-79.2008,38.9863],[-79.1951,38.9903]]},"properties":{"gnis_name":"South Branch Potomac River","streamorde":5}},{"type":"Feature","geometry":{"type":"LineString","coordinates":[[-78.4037,39.4324],[-78.4063,39.4337]]},"properties":{"gnis_name":"Cacapon River","streamorde":6}},{"type":"Feature","geometry":{"type":"LineString","coordinates":[[-77.4087,39.3521],[-77.422,39.3323]]},"properties":{"gnis_name":"Monocacy River","streamorde":7}},{"type":"Feature","geometry":{"type":"LineString","coordinates":[[-77.8364,39.2314],[-77.8173,39.2261]]},"properties":{"gnis_name":"Shenandoah River","streamorde":7}},{"type":"Feature","geometry":{"type":"LineString","coordinates":[[-77.9323,39.0983],[-77.9214,39.1033]]},"properties":{"gnis_name":"Shenandoah River","streamorde":7}},{"type":"Feature","geometry":{"type":"LineString","coordinates":[[-79.0464,39.4834],[-79.0392,39.4782]]},"properties":{"gnis_name":"North Branch Potomac River","streamorde":6}},{"type":"Feature","geometry":{"type":"LineString","coordinates":[[-78.4475,39.2695],[-78.4479,39.2754]]},"properties":{"gnis_name":"Cacapon River","streamorde":5}},{"type":"Feature","geometry":{"type":"LineString","coordinates":[[-78.1186,39.685],[-78.1077,39.6827]]},"properties":{"gnis_name":"Potomac River","streamorde":7}},{"type":"Feature","geometry":{"type":"LineString","coordinates":[[-77.1175,38.9323],[-77.116,38.9292]]},"properties":{"gnis_name":"Potomac River","streamorde":8}},{"type":"Feature","geometry":{"type":"LineString","coordinates":[[-77.3706,39.4538],[-77.3674,39.4506]]},"properties":{"gnis_name":"Monocacy River","streamorde":7}},{"type":"Feature","geometry":{"type":"LineString","coordinates":[[-78.7496,39.6062],[-78.7496,39.6073]]},"properties":{"gnis_name":"North Branch Potomac River","streamorde":6}},{"type":"Feature","geometry":{"type":"LineString","coordinates":[[-78.6643,39.5374],[-78.6604,39.5362]]},"properties":{"gnis_name":"North Branch Potomac River","streamorde":6}},{"type":"Feature","geometry":{"type":"LineString","coordinates":[[-77.0477,38.7049],[-77.0526,38.7034]]},"properties":{"gnis_name":"Potomac River","streamorde":8}},{"type":"Feature","geometry":{"type":"LineString","coordinates":[[-79.1951,38.9903],[-79.1943,38.9903]]},"properties":{"gnis_name":"South Branch Potomac River","streamorde":6}},{"type":"Feature","geometry":{"type":"LineString","coordinates":[[-77.5206,39.2593],[-77.5174,39.2594]]},"properties":{"gnis_name":"Potomac River","streamorde":8}},{"type":"Feature","geometry":{"type":"LineString","coordinates":[[-78.6333,39.088],[-78.6318,39.088]]},"properties":{"gnis_name":"Cacapon River","streamorde":5}},{"type":"Feature","geometry":{"type":"LineString","coordinates":[[-77.8298,39.601],[-77.8301,39.5965]]},"properties":{"gnis_name":"Potomac River","streamorde":7}},{"type":"Feature","geometry":{"type":"LineString","coordinates":[[-77.9221,38.9142],[-77.9176,38.9145]]},"properties":{"gnis_name":"Goose Creek","streamorde":5}},{"type":"Feature","geometry":{"type":"LineString","coordinates":[[-77.7292,39.4493],[-77.7297,39.4456]]},"properties":{"gnis_name":"Antietam Creek","streamorde":5}},{"type":"Feature","geometry":{"type":"LineString","coordinates":[[-79.3081,38.6982],[-79.3072,38.6996]]},"properties":{"gnis_name":"South Branch Potomac River","streamorde":5}},{"type":"Feature","geometry":{"type":"LineString","coordinates":[[-77.3794,39.4623],[-77.3763,39.461]]},"properties":{"gnis_name":"Monocacy River","streamorde":7}},{"type":"Feature","geometry":{"type":"LineString","coordinates":[[-78.576,39.1035],[-78.5628,39.1078]]},"properties":{"gnis_name":"Cacapon River","streamorde":5}},{"type":"Feature","geometry":{"type":"LineString","coordinates":[[-78.4561,39.24],[-78.4565,39.2401]]},"properties":{"gnis_name":"Cacapon River","streamorde":5}},{"type":"Feature","geometry":{"type":"LineString","coordinates":[[-77.6659,39.3194],[-77.6399,39.3097]]},"properties":{"gnis_name":"Potomac River","streamorde":8}},{"type":"Feature","geometry":{"type":"LineString","coordinates":[[-77.2462,39.0128],[-77.248,39.0108]]},"properties":{"gnis_name":"Potomac River","streamorde":8}},{"type":"Feature","geometry":{"type":"LineString","coordinates":[[-79.0668,39.4802],[-79.0617,39.4747]]},"properties":{"gnis_name":"North Branch Potomac River","streamorde":6}},{"type":"Feature","geometry":{"type":"LineString","coordinates":[[-77.4479,39.2402],[-77.4496,39.2377]]},"properties":{"gnis_name":"Monocacy River","streamorde":7}},{"type":"Feature","geometry":{"type":"LineString","coordinates":[[-77.412,39.3218],[-77.4105,39.3179]]},"properties":{"gnis_name":"Monocacy River","streamorde":7}},{"type":"Feature","geometry":{"type":"LineString","coordinates":[[-78.0709,38.915],[-78.0709,38.9083]]},"properties":{"gnis_name":"Goose Creek","streamorde":1}},{"type":"Feature","geometry":{"type":"LineString","coordinates":[[-79.4346,38.5531],[-79.4299,38.5545]]},"properties":{"gnis_name":"South Branch Potomac River","streamorde":5}},{"type":"Feature","geometry":{"type":"LineString","coordinates":[[-79.2575,39.3351],[-79.2553,39.3396]]},"properties":{"gnis_name":"North Branch Potomac River","streamorde":5}},{"type":"Feature","geometry":{"type":"LineString","coordinates":[[-77.5271,39.2611],[-77.5206,39.2593]]},"properties":{"gnis_name":"Potomac River","streamorde":8}},{"type":"Feature","geometry":{"type":"LineString","coordinates":[[-77.245,38.9837],[-77.2438,38.9825]]},"properties":{"gnis_name":"Potomac River","streamorde":8}},{"type":"Feature","geometry":{"type":"LineString","coordinates":[[-77.5464,39.0337],[-77.5346,39.0337],[-77.5354,39.0425]]},"properties":{"gnis_name":"Goose Creek","streamorde":6}},{"type":"Feature","geometry":{"type":"LineString","coordinates":[[-77.2461,39.0304],[-77.2441,39.0267]]},"properties":{"gnis_name":"Potomac River","streamorde":8}},{"type":"Feature","geometry":{"type":"LineString","coordinates":[[-77.1301,38.9496],[-77.1283,38.9472]]},"properties":{"gnis_name":"Potomac River","streamorde":8}},{"type":"Feature","geometry":{"type":"LineString","coordinates":[[-79.4446,38.8608],[-79.4383,38.8594]]},"properties":{"gnis_name":"Seneca Creek","streamorde":5}},{"type":"Feature","geometry":{"type":"LineString","coordinates":[[-77.6779,39.0288],[-77.6789,39.0324]]},"properties":{"gnis_name":"Goose Creek","streamorde":5}},{"type":"Feature","geometry":{"type":"LineString","coordinates":[[-79.1099,38.9893],[-79.1094,38.9895]]},"properties":{"gnis_name":"South Branch Potomac River","streamorde":6}},{"type":"Feature","geometry":{"type":"LineString","coordinates":[[-78.3979,39.5902],[-78.4128,39.5973]]},"properties":{"gnis_name":"Potomac River","streamorde":7}},{"type":"Feature","geometry":{"type":"LineString","coordinates":[[-79.2721,39.328],[-79.2687,39.3363],[-79.2575,39.3351]]},"properties":{"gnis_name":"North Branch Potomac River","streamorde":5}},{"type":"Feature","geometry":{"type":"LineString","coordinates":[[-77.6261,39.7024],[-77.6268,39.6925],[-77.6345,39.6946]]},"properties":{"gnis_name":"Antietam Creek","streamorde":5}},{"type":"Feature","geometry":{"type":"LineString","coordinates":[[-77.39,39.4641],[-77.3858,39.4624]]},"properties":{"gnis_name":"Monocacy River","streamorde":7}},{"type":"Feature","geometry":{"type":"LineString","coordinates":[[-78.3615,39.6264],[-78.3583,39.6258]]},"properties":{"gnis_name":"Potomac River","streamorde":7}},{"type":"Feature","geometry":{"type":"LineString","coordinates":[[-78.6894,39.5459],[-78.6816,39.544]]},"properties":{"gnis_name":"North Branch Potomac River","streamorde":6}},{"type":"Feature","geometry":{"type":"LineString","coordinates":[[-78.4351,39.2956],[-78.4349,39.2978]]},"properties":{"gnis_name":"Cacapon River","streamorde":5}},{"type":"Feature","geometry":{"type":"LineString","coordinates":[[-77.0909,38.906],[-77.0882,38.9052]]},"properties":{"gnis_name":"Potomac River","streamorde":8}},{"type":"Feature","geometry":{"type":"LineString","coordinates":[[-78.4559,39.24],[-78.4561,39.24]]},"properties":{"gnis_name":"Cacapon River","streamorde":5}},{"type":"Feature","geometry":{"type":"LineString","coordinates":[[-77.7067,39.6186],[-77.7027,39.6137],[-77.7125,39.6081],[-77.7055,39.6051],[-77.713,39.6017]]},"properties":{"gnis_name":"Antietam Creek","streamorde":5}},{"type":"Feature","geometry":{"type":"LineString","coordinates":[[-77.7442,39.0052],[-77.7417,39.0062]]},"properties":{"gnis_name":"Goose Creek","streamorde":5}},{"type":"Feature","geometry":{"type":"LineString","coordinates":[[-77.5186,39.0699],[-77.515,39.072]]},"properties":{"gnis_name":"Goose Creek","streamorde":6}},{"type":"Feature","geometry":{"type":"LineString","coordinates":[[-79.2905,38.841],[-79.2852,38.8415],[-79.2846,38.8481]]},"properties":{"gnis_name":"South Branch Potomac River","streamorde":5}},{"type":"Feature","geometry":{"type":"LineString","coordinates":[[-78.416,39.3141],[-78.4158,39.3148]]},"properties":{"gnis_name":"Cacapon River","streamorde":5}},{"type":"Feature","geometry":{"type":"LineString","coordinates":[[-78.4086,39.4354],[-78.4069,39.4387]]},"properties":{"gnis_name":"Cacapon River","streamorde":6}},{"type":"Feature","geometry":{"type":"LineString","coordinates":[[-77.0787,38.9035],[-77.0781,38.9034]]},"properties":{"gnis_name":"Potomac River","streamorde":8}},{"type":"Feature","geometry":{"type":"LineString","coordinates":[[-79.4552,38.5357],[-79.4481,38.5389]]},"properties":{"gnis_name":"South Branch Potomac River","streamorde":5}},{"type":"Feature","geometry":{"type":"LineString","coordinates":[[-78.132,38.9616],[-78.1303,38.9607]]},"properties":{"gnis_name":"Shenandoah River","streamorde":7}},{"type":"Feature","geometry":{"type":"LineString","coordinates":[[-77.6856,39.322],[-77.6833,39.3256]]},"properties":{"gnis_name":"Potomac River","streamorde":8}},{"type":"Feature","geometry":{"type":"LineString","coordinates":[[-77.74,39.4387],[-77.7414,39.4379]]},"properties":{"gnis_name":"Antietam Creek","streamorde":5}},{"type":"Feature","geometry":{"type":"LineString","coordinates":[[-77.4188,39.3107],[-77.4234,39.312]]},"properties":{"gnis_name":"Monocacy River","streamorde":7}},{"type":"Feature","geometry":{"type":"LineString","coordinates":[[-77.0286,38.8409],[-77.0305,38.8361]]},"properties":{"gnis_name":"Potomac River","streamorde":8}},{"type":"Feature","geometry":{"type":"LineString","coordinates":[[-79.1219,39.4331],[-79.1214,39.4331]]},"properties":{"gnis_name":"North Branch Potomac River","streamorde":5}},{"type":"Feature","geometry":{"type":"LineString","coordinates":[[-78.5918,39.5317],[-78.5896,39.5298]]},"properties":{"gnis_name":"North Branch Potomac River","streamorde":6}},{"type":"Feature","geometry":{"type":"LineString","coordinates":[[-78.1681,39.6954],[-78.1565,39.693]]},"properties":{"gnis_name":"Potomac River","streamorde":7}},{"type":"Feature","geometry":{"type":"LineString","coordinates":[[-77.7018,39.5214],[-77.7018,39.5175]]},"properties":{"gnis_name":"Antietam Creek","streamorde":5}},{"type":"Feature","geometry":{"type":"LineString","coordinates":[[-78.4141,39.4465],[-78.4204,39.452]]},"properties":{"gnis_name":"Cacapon River","streamorde":6}},{"type":"Feature","geometry":{"type":"LineString","coordinates":[[-77.7539,39.7877],[-77.7555,39.7875]]},"properties":{"gnis_name":"Conococheague Creek","streamorde":5}},{"type":"Feature","geometry":{"type":"LineString","coordinates":[[-79.3717,38.8342],[-79.3715,38.8344]]},"properties":{"gnis_name":"Seneca Creek","streamorde":5}},{"type":"Feature","geometry":{"type":"LineString","coordinates":[[-79.2886,39.3053],[-79.2842,39.3155]]},"properties":{"gnis_name":"North Branch Potomac River","streamorde":4}},{"type":"Feature","geometry":{"type":"LineString","coordinates":[[-77.3325,39.1168],[-77.3318,39.1115]]},"properties":{"gnis_name":"Seneca Creek","streamorde":5}},{"type":"Feature","geometry":{"type":"LineString","coordinates":[[-77.8375,39.6277],[-77.8289,39.6265]]},"properties":{"gnis_name":"Conococheague Creek","streamorde":6}},{"type":"Feature","geometry":{"type":"LineString","coordinates":[[-78.9422,39.4785],[-78.9417,39.4817]]},"properties":{"gnis_name":"North Branch Potomac River","streamorde":6}},{"type":"Feature","geometry":{"type":"LineString","coordinates":[[-77.7887,39.2885],[-77.7847,39.292]]},"properties":{"gnis_name":"Shenandoah River","streamorde":7}},{"type":"Feature","geometry":{"type":"LineString","coordinates":[[-77.8165,39.6226],[-77.8162,39.6209]]},"properties":{"gnis_name":"Conococheague Creek","streamorde":6}},{"type":"Feature","geometry":{"type":"LineString","coordinates":[[-77.4359,39.245],[-77.4393,39.2444]]},"properties":{"gnis_name":"Monocacy River","streamorde":7}},{"type":"Feature","geometry":{"type":"LineString","coordinates":[[-77.9044,39.1071],[-77.9002,39.1104]]},"properties":{"gnis_name":"Shenandoah River","streamorde":7}},{"type":"Feature","geometry":{"type":"LineString","coordinates":[[-77.8333,39.7078],[-77.8315,39.7032],[-77.8186,39.7024]]},"properties":{"gnis_name":"Conococheague Creek","streamorde":6}},{"type":"Feature","geometry":{"type":"LineString","coordinates":[[-77.7781,39.7704],[-77.7758,39.7682]]},"properties":{"gnis_name":"Conococheague Creek","streamorde":5}},{"type":"Feature","geometry":{"type":"LineString","coordinates":[[-78.848,39.5623],[-78.847,39.5628]]},"properties":{"gnis_name":"North Branch Potomac River","streamorde":6}},{"type":"Feature","geometry":{"type":"LineString","coordinates":[[-77.3004,39.6126],[-77.2958,39.6114]]},"properties":{"gnis_name":"Monocacy River","streamorde":7}},{"type":"Feature","geometry":{"type":"LineString","coordinates":[[-78.8713,39.5374],[-78.8672,39.5401]]},"properties":{"gnis_name":"North Branch Potomac River","streamorde":6}},{"type":"Feature","geometry":{"type":"LineString","coordinates":[[-78.7315,39.5756],[-78.7255,39.5669]]},"properties":{"gnis_name":"North Branch Potomac River","streamorde":6}},{"type":"Feature","geometry":{"type":"LineString","coordinates":[[-78.4649,39.5195],[-78.4643,39.5202]]},"properties":{"gnis_name":"Potomac River","streamorde":7}},{"type":"Feature","geometry":{"type":"LineString","coordinates":[[-77.3808,39.3861],[-77.3938,39.3793],[-77.3889,39.374]]},"properties":{"gnis_name":"Monocacy River","streamorde":7}},{"type":"Feature","geometry":{"type":"LineString","coordinates":[[-78.3636,39.6268],[-78.3615,39.6264]]},"properties":{"gnis_name":"Potomac River","streamorde":7}},{"type":"Feature","geometry":{"type":"LineString","coordinates":[[-77.8302,39.5823],[-77.8313,39.5778]]},"properties":{"gnis_name":"Potomac River","streamorde":7}},{"type":"Feature","geometry":{"type":"LineString","coordinates":[[-77.8221,39.7148],[-77.831,39.7114]]},"properties":{"gnis_name":"Conococheague Creek","streamorde":6}},{"type":"Feature","geometry":{"type":"LineString","coordinates":[[-77.6995,39.6324],[-77.7067,39.631]]},"properties":{"gnis_name":"Antietam Creek","streamorde":5}},{"type":"Feature","geometry":{"type":"LineString","coordinates":[[-77.8623,38.9409],[-77.86,38.9425]]},"properties":{"gnis_name":"Goose Creek","streamorde":5}},{"type":"Feature","geometry":{"type":"LineString","coordinates":[[-77.2499,38.9948],[-77.2482,38.9919]]},"properties":{"gnis_name":"Potomac River","streamorde":8}},{"type":"Feature","geometry":{"type":"LineString","coordinates":[[-77.4993,39.1827],[-77.5064,39.1806]]},"properties":{"gnis_name":"Potomac River","streamorde":8}},{"type":"Feature","geometry":{"type":"LineString","coordinates":[[-79.4481,38.5389],[-79.4451,38.5468]]},"properties":{"gnis_name":"South Branch Potomac River","streamorde":5}},{"type":"Feature","geometry":{"type":"LineString","coordinates":[[-77.6841,39.0135],[-77.6797,39.0126]]},"properties":{"gnis_name":"Goose Creek","streamorde":5}},{"type":"Feature","geometry":{"type":"LineString","coordinates":[[-78.9641,39.4387],[-78.9561,39.4409],[-78.9563,39.4473]]},"properties":{"gnis_name":"North Branch Potomac River","streamorde":6}},{"type":"Feature","geometry":{"type":"LineString","coordinates":[[-77.7464,39.4173],[-77.7472,39.4172]]},"properties":{"gnis_name":"Antietam Creek","streamorde":5}},{"type":"Feature","geometry":{"type":"LineString","coordinates":[[-78.0308,39.6296],[-78.0288,39.628]]},"properties":{"gnis_name":"Potomac River","streamorde":7}},{"type":"Feature","geometry":{"type":"LineString","coordinates":[[-79.0254,38.9974],[-79.0139,39.0066]]},"properties":{"gnis_name":"South Branch Potomac River","streamorde":6}},{"type":"Feature","geometry":{"type":"LineString","coordinates":[[-77.22,39.7032],[-77.217,39.7019]]},"properties":{"gnis_name":"Monocacy River","streamorde":6}},{"type":"Feature","geometry":{"type":"LineString","coordinates":[[-77.7493,39.4209],[-77.7472,39.4172]]},"properties":{"gnis_name":"Potomac River","streamorde":7}},{"type":"Feature","geometry":{"type":"LineString","coordinates":[[-79.3305,38.6723],[-79.3291,38.6784]]},"properties":{"gnis_name":"South Branch Potomac River","streamorde":5}},{"type":"Feature","geometry":{"type":"LineString","coordinates":[[-77.3792,39.43],[-77.3797,39.4272]]},"properties":{"gnis_name":"Monocacy River","streamorde":7}},{"type":"Feature","geometry":{"type":"LineString","coordinates":[[-79.4949,38.8237],[-79.4951,38.8239]]},"properties":{"gnis_name":"Seneca Creek","streamorde":2}},{"type":"Feature","geometry":{"type":"LineString","coordinates":[[-79.3378,38.626],[-79.3375,38.6338]]},"properties":{"gnis_name":"South Branch Potomac River","streamorde":5}},{"type":"Feature","geometry":{"type":"LineString","coordinates":[[-78.4921,39.5186],[-78.4891,39.5196]]},"properties":{"gnis_name":"Potomac River","streamorde":7}},{"type":"Feature","geometry":{"type":"LineString","coordinates":[[-77.4749,39.2414],[-77.4606,39.2303]]},"properties":{"gnis_name":"Potomac River","streamorde":8}},{"type":"Feature","geometry":{"type":"LineString","coordinates":[[-78.4328,39.3661],[-78.4347,39.3673]]},"properties":{"gnis_name":"Cacapon River","streamorde":5}},{"type":"Feature","geometry":{"type":"LineString","coordinates":[[-79.0978,38.9953],[-79.0962,38.9984]]},"properties":{"gnis_name":"South Branch Potomac River","streamorde":6}},{"type":"Feature","geometry":{"type":"LineString","coordinates":[[-78.4255,39.3775],[-78.4285,39.3802],[-78.4132,39.393]]},"properties":{"gnis_name":"Cacapon River","streamorde":5}},{"type":"Feature","geometry":{"type":"LineString","coordinates":[[-79.494,38.8225],[-79.4949,38.8237]]},"properties":{"gnis_name":"Seneca Creek","streamorde":2}},{"type":"Feature","geometry":{"type":"LineString","coordinates":[[-78.8333,39.2568],[-78.8327,39.2572]]},"properties":{"gnis_name":"South Branch Potomac River","streamorde":6}},{"type":"Feature","geometry":{"type":"LineString","coordinates":[[-77.9995,39.0412],[-77.9992,39.0413]]},"properties":{"gnis_name":"Shenandoah River","streamorde":7}},{"type":"Feature","geometry":{"type":"LineString","coordinates":[[-78.4239,39.3328],[-78.432,39.3399]]},"properties":{"gnis_name":"Cacapon River","streamorde":5}},{"type":"Feature","geometry":{"type":"LineString","coordinates":[[-78.007,39.034],[-78.0042,39.0364]]},"properties":{"gnis_name":"Shenandoah River","streamorde":7}},{"type":"Feature","geometry":{"type":"LineString","coordinates":[[-78.4234,39.3316],[-78.4239,39.3328]]},"properties":{"gnis_name":"Cacapon River","streamorde":5}},{"type":"Feature","geometry":{"type":"LineString","coordinates":[[-78.603,39.0789],[-78.6025,39.0792]]},"properties":{"gnis_name":"Cacapon River","streamorde":5}},{"type":"Feature","geometry":{"type":"LineString","coordinates":[[-78.4492,39.5692],[-78.4506,39.5701]]},"properties":{"gnis_name":"Potomac River","streamorde":7}},{"type":"Feature","geometry":{"type":"LineString","coordinates":[[-79.4891,38.5058],[-79.4876,38.5088]]},"properties":{"gnis_name":"South Branch Potomac River","streamorde":5}},{"type":"Feature","geometry":{"type":"LineString","coordinates":[[-78.5969,39.0892],[-78.5918,39.094],[-78.5824,39.0917]]},"properties":{"gnis_name":"Cacapon River","streamorde":5}},{"type":"Feature","geometry":{"type":"LineString","coordinates":[[-78.016,39.3605],[-78.0148,39.3606]]},"properties":{"gnis_name":"Goose Creek","streamorde":1}},{"type":"Feature","geometry":{"type":"LineString","coordinates":[[-78.8027,39.303],[-78.8038,39.3062]]},"properties":{"gnis_name":"South Branch Potomac River","streamorde":6}},{"type":"Feature","geometry":{"type":"LineString","coordinates":[[-78.4077,39.417],[-78.4079,39.4171]]},"properties":{"gnis_name":"Cacapon River","streamorde":6}},{"type":"Feature","geometry":{"type":"LineString","coordinates":[[-77.5038,39.09],[-77.5025,39.0906]]},"properties":{"gnis_name":"Goose Creek","streamorde":6}},{"type":"Feature","geometry":{"type":"LineString","coordinates":[[-77.87,38.931],[-77.8705,38.9377]]},"properties":{"gnis_name":"Goose Creek","streamorde":5}},{"type":"Feature","geometry":{"type":"LineString","coordinates":[[-79.0016,39.0309],[-78.997,39.0373]]},"properties":{"gnis_name":"South Branch Potomac River","streamorde":6}},{"type":"Feature","geometry":{"type":"LineString","coordinates":[[-79.2936,38.8263],[-79.2914,38.8378]]},"properties":{"gnis_name":"South Branch Potomac River","streamorde":5}},{"type":"Feature","geometry":{"type":"LineString","coordinates":[[-77.6434,39.0408],[-77.6341,39.0355]]},"properties":{"gnis_name":"Goose Creek","streamorde":6}},{"type":"Feature","geometry":{"type":"LineString","coordinates":[[-77.8494,39.197],[-77.8485,39.2043],[-77.8286,39.2102]]},"properties":{"gnis_name":"Shenandoah River","streamorde":7}},{"type":"Feature","geometry":{"type":"LineString","coordinates":[[-77.8664,39.5405],[-77.864,39.5332]]},"properties":{"gnis_name":"Potomac River","streamorde":7}},{"type":"Feature","geometry":{"type":"LineString","coordinates":[[-77.5213,39.1488],[-77.521,39.1473]]},"properties":{"gnis_name":"Potomac River","streamorde":8}},{"type":"Feature","geometry":{"type":"LineString","coordinates":[[-77.443,39.2659],[-77.4416,39.2653]]},"properties":{"gnis_name":"Monocacy River","streamorde":7}},{"type":"Feature","geometry":{"type":"LineString","coordinates":[[-78.0156,39.6117],[-78.0078,39.6026],[-77.9997,39.6014]]},"properties":{"gnis_name":"Potomac River","streamorde":7}},{"type":"Feature","geometry":{"type":"LineString","coordinates":[[-79.036,39.4713],[-79.0271,39.4652]]},"properties":{"gnis_name":"North Branch Potomac River","streamorde":6}},{"type":"Feature","geometry":{"type":"LineString","coordinates":[[-77.8007,39.4353],[-77.792,39.431]]},"properties":{"gnis_name":"Potomac River","streamorde":7}},{"type":"Feature","geometry":{"type":"LineString","coordinates":[[-77.9227,39.6061],[-77.9072,39.6021]]},"properties":{"gnis_name":"Potomac River","streamorde":7}},{"type":"Feature","geometry":{"type":"LineString","coordinates":[[-78.3163,39.5754],[-78.3162,39.5771]]},"properties":{"gnis_name":"Cacapon River","streamorde":6}},{"type":"Feature","geometry":{"type":"LineString","coordinates":[[-78.0044,38.903],[-78.001,38.9046]]},"properties":{"gnis_name":"Goose Creek","streamorde":3}},{"type":"Feature","geometry":{"type":"LineString","coordinates":[[-77.8148,38.9856],[-77.8138,38.9895]]},"properties":{"gnis_name":"Goose Creek","streamorde":5}},{"type":"Feature","geometry":{"type":"LineString","coordinates":[[-78.847,39.5628],[-78.8395,39.567]]},"properties":{"gnis_name":"North Branch Potomac River","streamorde":6}},{"type":"Feature","geometry":{"type":"LineString","coordinates":[[-77.4416,39.2653],[-77.4402,39.2654]]},"properties":{"gnis_name":"Monocacy River","streamorde":7}},{"type":"Feature","geometry":{"type":"LineString","coordinates":[[-79.2391,38.9162],[-79.2276,38.9213]]},"properties":{"gnis_name":"South Branch Potomac River","streamorde":5}},{"type":"Feature","geometry":{"type":"LineString","coordinates":[[-78.2497,39.6446],[-78.2408,39.6501]]},"properties":{"gnis_name":"Potomac River","streamorde":7}},{"type":"Feature","geometry":{"type":"LineString","coordinates":[[-77.8121,39.7329],[-77.8092,39.7273],[-77.7985,39.725]]},"properties":{"gnis_name":"Conococheague Creek","streamorde":6}},{"type":"Feature","geometry":{"type":"LineString","coordinates":[[-78.0376,39.6376],[-78.0357,39.636]]},"properties":{"gnis_name":"Potomac River","streamorde":7}},{"type":"Feature","geometry":{"type":"LineString","coordinates":[[-78.1392,38.9663],[-78.1379,38.9655]]},"properties":{"gnis_name":"Shenandoah River","streamorde":7}},{"type":"Feature","geometry":{"type":"LineString","coordinates":[[-77.0588,38.897],[-77.0583,38.8929]]},"properties":{"gnis_name":"Potomac River","streamorde":8}},{"type":"Feature","geometry":{"type":"LineString","coordinates":[[-77.755,38.9884],[-77.7515,38.9928]]},"properties":{"gnis_name":"Goose Creek","streamorde":5}},{"type":"Feature","geometry":{"type":"LineString","coordinates":[[-79.1431,39.4058],[-79.1415,39.4082]]},"properties":{"gnis_name":"North Branch Potomac River","streamorde":5}},{"type":"Feature","geometry":{"type":"LineString","coordinates":[[-77.073,38.9026],[-77.0708,38.9022]]},"properties":{"gnis_name":"Potomac River","streamorde":8}},{"type":"Feature","geometry":{"type":"LineString","coordinates":[[-77.7446,39.3841],[-77.7497,39.3831]]},"properties":{"gnis_name":"Potomac River","streamorde":7}},{"type":"Feature","geometry":{"type":"LineString","coordinates":[[-77.8452,39.6615],[-77.8468,39.653],[-77.8344,39.6481]]},"properties":{"gnis_name":"Conococheague Creek","streamorde":6}},{"type":"Feature","geometry":{"type":"LineString","coordinates":[[-78.9898,39.0618],[-78.9739,39.0678]]},"properties":{"gnis_name":"South Branch Potomac River","streamorde":6}},{"type":"Feature","geometry":{"type":"LineString","coordinates":[[-78.8839,39.1923],[-78.8794,39.1981]]},"properties":{"gnis_name":"South Branch Potomac River","streamorde":6}},{"type":"Feature","geometry":{"type":"LineString","coordinates":[[-79.1556,39.0017],[-79.133,38.9941]]},"properties":{"gnis_name":"South Branch Potomac River","streamorde":6}},{"type":"Feature","geometry":{"type":"LineString","coordinates":[[-77.3658,39.4074],[-77.3661,39.3994],[-77.3717,39.3954]]},"properties":{"gnis_name":"Monocacy River","streamorde":7}},{"type":"Feature","geometry":{"type":"LineString","coordinates":[[-78.5587,39.1106],[-78.5548,39.1172]]},"properties":{"gnis_name":"Cacapon River","streamorde":5}},{"type":"Feature","geometry":{"type":"LineString","coordinates":[[-77.516,39.1326],[-77.5117,39.1204]]},"properties":{"gnis_name":"Potomac River","streamorde":8}},{"type":"Feature","geometry":{"type":"LineString","coordinates":[[-77.725,39.0095],[-77.7232,39.0103]]},"properties":{"gnis_name":"Goose Creek","streamorde":5}},{"type":"Feature","geometry":{"type":"LineString","coordinates":[[-78.4324,39.3659],[-78.4327,39.366]]},"properties":{"gnis_name":"Cacapon River","streamorde":5}},{"type":"Feature","geometry":{"type":"LineString","coordinates":[[-78.3846,39.6242],[-78.3755,39.6308],[-78.3654,39.6277]]},"properties":{"gnis_name":"Potomac River","streamorde":7}},{"type":"Feature","geometry":{"type":"LineString","coordinates":[[-78.6431,39.4608],[-78.6285,39.4706]]},"properties":{"gnis_name":"South Branch Potomac River","streamorde":6}},{"type":"Feature","geometry":{"type":"LineString","coordinates":[[-78.3992,39.4289],[-78.3996,39.4295]]},"properties":{"gnis_name":"Cacapon River","streamorde":6}},{"type":"Feature","geometry":{"type":"LineString","coordinates":[[-78.4197,39.411],[-78.4177,39.4159]]},"properties":{"gnis_name":"Cacapon River","streamorde":6}},{"type":"Feature","geometry":{"type":"LineString","coordinates":[[-77.5099,39.1188],[-77.5031,39.1166]]},"properties":{"gnis_name":"Potomac River","streamorde":8}},{"type":"Feature","geometry":{"type":"LineString","coordinates":[[-77.6441,39.0409],[-77.6434,39.0408]]},"properties":{"gnis_name":"Goose Creek","streamorde":6}},{"type":"Feature","geometry":{"type":"LineString","coordinates":[[-77.2367,38.9786],[-77.2347,38.9777]]},"properties":{"gnis_name":"Potomac River","streamorde":8}},{"type":"Feature","geometry":{"type":"LineString","coordinates":[[-78.6203,39.4891],[-78.6098,39.4925]]},"properties":{"gnis_name":"South Branch Potomac River","streamorde":6}},{"type":"Feature","geometry":{"type":"LineString","coordinates":[[-78.9481,39.1056],[-78.9478,39.1059]]},"properties":{"gnis_name":"South Branch Potomac River","streamorde":6}},{"type":"Feature","geometry":{"type":"LineString","coordinates":[[-77.0975,38.9096],[-77.0964,38.9089]]},"properties":{"gnis_name":"Potomac River","streamorde":8}},{"type":"Feature","geometry":{"type":"LineString","coordinates":[[-79.4059,38.8422],[-79.3998,38.842]]},"properties":{"gnis_name":"Seneca Creek","streamorde":5}},{"type":"Feature","geometry":{"type":"LineString","coordinates":[[-77.9747,38.9051],[-77.9715,38.9077]]},"properties":{"gnis_name":"Goose Creek","streamorde":4}},{"type":"Feature","geometry":{"type":"LineString","coordinates":[[-79.2846,38.7504],[-79.2784,38.7555]]},"properties":{"gnis_name":"South Branch Potomac River","streamorde":5}},{"type":"Feature","geometry":{"type":"LineString","coordinates":[[-78.707,39.4239],[-78.7053,39.4227]]},"properties":{"gnis_name":"South Branch Potomac River","streamorde":6}},{"type":"Feature","geometry":{"type":"LineString","coordinates":[[-79.499,38.7921],[-79.4968,38.7962]]},"properties":{"gnis_name":"Seneca Creek","streamorde":2}},{"type":"Feature","geometry":{"type":"LineString","coordinates":[[-77.1291,38.6293],[-77.1412,38.6251]]},"properties":{"gnis_name":"Potomac River","streamorde":8}},{"type":"Feature","geometry":{"type":"LineString","coordinates":[[-78.2827,39.6209],[-78.2819,39.6209]]},"properties":{"gnis_name":"Potomac River","streamorde":7}},{"type":"Feature","geometry":{"type":"LineString","coordinates":[[-78.1211,38.9583],[-78.1123,38.957]]},"properties":{"gnis_name":"Shenandoah River","streamorde":7}},{"type":"Feature","geometry":{"type":"LineString","coordinates":[[-78.3356,39.5354],[-78.3331,39.537]]},"properties":{"gnis_name":"Cacapon River","streamorde":6}},{"type":"Feature","geometry":{"type":"LineString","coordinates":[[-77.5815,39.0196],[-77.577,39.018]]},"properties":{"gnis_name":"Goose Creek","streamorde":6}},{"type":"Feature","geometry":{"type":"LineString","coordinates":[[-77.6849,39.0241],[-77.6779,39.0288]]},"properties":{"gnis_name":"Goose Creek","streamorde":5}},{"type":"Feature","geometry":{"type":"LineString","coordinates":[[-77.3907,39.4916],[-77.3906,39.4898]]},"properties":{"gnis_name":"Monocacy River","streamorde":7}},{"type":"Feature","geometry":{"type":"LineString","coordinates":[[-77.7881,39.7467],[-77.7871,39.7463]]},"properties":{"gnis_name":"Conococheague Creek","streamorde":6}},{"type":"Feature","geometry":{"type":"LineString","coordinates":[[-77.2843,39.6309],[-77.2912,39.6306]]},"properties":{"gnis_name":"Monocacy River","streamorde":7}},{"type":"Feature","geometry":{"type":"LineString","coordinates":[[-77.8533,39.5638],[-77.8639,39.5633]]},"properties":{"gnis_name":"Potomac River","streamorde":7}},{"type":"Feature","geometry":{"type":"LineString","coordinates":[[-78.4297,39.3647],[-78.4298,39.3648]]},"properties":{"gnis_name":"Cacapon River","streamorde":5}},{"type":"Feature","geometry":{"type":"LineString","coordinates":[[-78.6136,39.08],[-78.6108,39.0788]]},"properties":{"gnis_name":"Cacapon River","streamorde":5}},{"type":"Feature","geometry":{"type":"LineString","coordinates":[[-78.9478,39.1059],[-78.9485,39.1103]]},"properties":{"gnis_name":"South Branch Potomac River","streamorde":6}},{"type":"Feature","geometry":{"type":"LineString","coordinates":[[-77.7724,39.7857],[-77.7732,39.7855]]},"properties":{"gnis_name":"Conococheague Creek","streamorde":5}},{"type":"Feature","geometry":{"type":"LineString","coordinates":[[-77.2515,38.9954],[-77.2499,38.9948]]},"properties":{"gnis_name":"Potomac River","streamorde":8}},{"type":"Feature","geometry":{"type":"LineString","coordinates":[[-79.4607,38.5306],[-79.4559,38.533]]},"properties":{"gnis_name":"South Branch Potomac River","streamorde":5}},{"type":"Feature","geometry":{"type":"LineString","coordinates":[[-77.8836,39.131],[-77.8763,39.1344]]},"properties":{"gnis_name":"Shenandoah River","streamorde":7}},{"type":"Feature","geometry":{"type":"LineString","coordinates":[[-79.2424,38.9148],[-79.2391,38.9162]]},"properties":{"gnis_name":"South Branch Potomac River","streamorde":5}},{"type":"Feature","geometry":{"type":"LineString","coordinates":[[-78.6363,39.0854],[-78.634,39.0876]]},"properties":{"gnis_name":"Cacapon River","streamorde":5}},{"type":"Feature","geometry":{"type":"LineString","coordinates":[[-79.1012,38.9949],[-79.0987,38.9937]]},"properties":{"gnis_name":"South Branch Potomac River","streamorde":6}},{"type":"Feature","geometry":{"type":"LineString","coordinates":[[-79.1735,38.9936],[-79.167,39.0001],[-79.1556,39.0017]]},"properties":{"gnis_name":"South Branch Potomac River","streamorde":6}},{"type":"Feature","geometry":{"type":"LineString","coordinates":[[-78.8269,39.5834],[-78.8255,39.59],[-78.8182,39.5916]]},"properties":{"gnis_name":"North Branch Potomac River","streamorde":6}},{"type":"Feature","geometry":{"type":"LineString","coordinates":[[-78.29,39.607],[-78.294,39.6128],[-78.2823,39.6056]]},"properties":{"gnis_name":"Cacapon River","streamorde":6}},{"type":"Feature","geometry":{"type":"LineString","coordinates":[[-77.245,39.6696],[-77.2544,39.6677],[-77.2558,39.6632],[-77.2622,39.6652]]},"properties":{"gnis_name":"Monocacy River","streamorde":6}},{"type":"Feature","geometry":{"type":"LineString","coordinates":[[-78.9898,39.4524],[-78.974,39.4456]]},"properties":{"gnis_name":"North Branch Potomac River","streamorde":6}},{"type":"Feature","geometry":{"type":"LineString","coordinates":[[-77.2263,39.6939],[-77.2345,39.6946]]},"properties":{"gnis_name":"Monocacy River","streamorde":6}},{"type":"Feature","geometry":{"type":"LineString","coordinates":[[-78.1488,39.6919],[-78.1452,39.6909]]},"properties":{"gnis_name":"Potomac River","streamorde":7}},{"type":"Feature","geometry":{"type":"LineString","coordinates":[[-77.7775,39.2947],[-77.771,39.2992]]},"properties":{"gnis_name":"Shenandoah River","streamorde":7}},{"type":"Feature","geometry":{"type":"LineString","coordinates":[[-78.1821,39.6966],[-78.1817,39.6967]]},"properties":{"gnis_name":"Potomac River","streamorde":7}},{"type":"Feature","geometry":{"type":"LineString","coordinates":[[-78.4066,39.4165],[-78.4068,39.4166]]},"properties":{"gnis_name":"Cacapon River","streamorde":6}},{"type":"Feature","geometry":{"type":"LineString","coordinates":[[-77.6534,39.0301],[-77.6517,39.0305]]},"properties":{"gnis_name":"Goose Creek","streamorde":5}},{"type":"Feature","geometry":{"type":"LineString","coordinates":[[-78.8233,39.5764],[-78.8269,39.5834]]},"properties":{"gnis_name":"North Branch Potomac River","streamorde":6}},{"type":"Feature","geometry":{"type":"LineString","coordinates":[[-77.2344,39.679],[-77.2439,39.6698]]},"properties":{"gnis_name":"Monocacy River","streamorde":6}},{"type":"Feature","geometry":{"type":"LineString","coordinates":[[-77.3772,39.5072],[-77.3825,39.5033]]},"properties":{"gnis_name":"Monocacy River","streamorde":7}},{"type":"Feature","geometry":{"type":"LineString","coordinates":[[-78.0171,39.3605],[-78.016,39.3605]]},"properties":{"gnis_name":"Goose Creek","streamorde":1}},{"type":"Feature","geometry":{"type":"LineString","coordinates":[[-77.5669,39.0204],[-77.5614,39.0184]]},"properties":{"gnis_name":"Goose Creek","streamorde":6}},{"type":"Feature","geometry":{"type":"LineString","coordinates":[[-77.7503,39.3478],[-77.7585,39.343],[-77.7566,39.3368]]},"properties":{"gnis_name":"Potomac River","streamorde":7}},{"type":"Feature","geometry":{"type":"LineString","coordinates":[[-79.2914,38.8378],[-79.2905,38.841]]},"properties":{"gnis_name":"South Branch Potomac River","streamorde":5}},{"type":"Feature","geometry":{"type":"LineString","coordinates":[[-77.3422,39.1051],[-77.3426,39.1039]]},"properties":{"gnis_name":"Seneca Creek","streamorde":5}},{"type":"Feature","geometry":{"type":"LineString","coordinates":[[-77.1492,38.9667],[-77.1459,38.9654]]},"properties":{"gnis_name":"Potomac River","streamorde":8}},{"type":"Feature","geometry":{"type":"LineString","coordinates":[[-79.1266,39.4312],[-79.1229,39.4328]]},"properties":{"gnis_name":"North Branch Potomac River","streamorde":5}},{"type":"Feature","geometry":{"type":"LineString","coordinates":[[-78.8007,39.6243],[-78.797,39.6323]]},"properties":{"gnis_name":"North Branch Potomac River","streamorde":6}},{"type":"Feature","geometry":{"type":"LineString","coordinates":[[-77.7109,39.0063],[-77.7082,39.0092]]},"properties":{"gnis_name":"Goose Creek","streamorde":5}},{"type":"Feature","geometry":{"type":"LineString","coordinates":[[-77.1327,38.955],[-77.132,38.9535]]},"properties":{"gnis_name":"Potomac River","streamorde":8}},{"type":"Feature","geometry":{"type":"LineString","coordinates":[[-77.874,38.9249],[-77.8747,38.9302]]},"properties":{"gnis_name":"Goose Creek","streamorde":5}},{"type":"Feature","geometry":{"type":"LineString","coordinates":[[-77.4307,39.2598],[-77.4304,39.2588]]},"properties":{"gnis_name":"Monocacy River","streamorde":7}},{"type":"Feature","geometry":{"type":"LineString","coordinates":[[-77.4874,39.1122],[-77.4752,39.1018]]},"properties":{"gnis_name":"Potomac River","streamorde":8}},{"type":"Feature","geometry":{"type":"LineString","coordinates":[[-79.4826,38.5126],[-79.4767,38.5145]]},"properties":{"gnis_name":"South Branch Potomac River","streamorde":5}},{"type":"Feature","geometry":{"type":"LineString","coordinates":[[-77.1621,38.614],[-77.1668,38.6116]]},"properties":{"gnis_name":"Potomac River","streamorde":8}},{"type":"Feature","geometry":{"type":"LineString","coordinates":[[-79.2908,38.7365],[-79.2846,38.7504]]},"properties":{"gnis_name":"South Branch Potomac River","streamorde":5}},{"type":"Feature","geometry":{"type":"LineString","coordinates":[[-78.1379,38.9655],[-78.132,38.9616]]},"properties":{"gnis_name":"Shenandoah River","streamorde":7}},{"type":"Feature","geometry":{"type":"LineString","coordinates":[[-78.4406,39.2872],[-78.4369,39.2904]]},"properties":{"gnis_name":"Cacapon River","streamorde":5}},{"type":"Feature","geometry":{"type":"LineString","coordinates":[[-79.2291,38.9252],[-79.2322,38.9284],[-79.2268,38.9317]]},"properties":{"gnis_name":"South Branch Potomac River","streamorde":5}},{"type":"Feature","geometry":{"type":"LineString","coordinates":[[-77.5025,39.0906],[-77.5,39.0942]]},"properties":{"gnis_name":"Goose Creek","streamorde":6}},{"type":"Feature","geometry":{"type":"LineString","coordinates":[[-77.9561,38.914],[-77.9496,38.9137]]},"properties":{"gnis_name":"Goose Creek","streamorde":4}},{"type":"Feature","geometry":{"type":"LineString","coordinates":[[-78.7647,39.648],[-78.7646,39.648]]},"properties":{"gnis_name":"North Branch Potomac River","streamorde":6}},{"type":"Feature","geometry":{"type":"LineString","coordinates":[[-77.0408,38.8746],[-77.0313,38.8631]]},"properties":{"gnis_name":"Potomac River","streamorde":8}},{"type":"Feature","geometry":{"type":"LineString","coordinates":[[-78.7505,39.6092],[-78.7654,39.6091]]},"properties":{"gnis_name":"North Branch Potomac River","streamorde":6}},{"type":"Feature","geometry":{"type":"LineString","coordinates":[[-77.1412,38.6251],[-77.1621,38.614]]},"properties":{"gnis_name":"Potomac River","streamorde":8}},{"type":"Feature","geometry":{"type":"LineString","coordinates":[[-79.3137,38.6878],[-79.3159,38.6935]]},"properties":{"gnis_name":"South Branch Potomac River","streamorde":5}},{"type":"Feature","geometry":{"type":"LineString","coordinates":[[-77.3295,39.0913],[-77.334,39.0855]]},"properties":{"gnis_name":"Seneca Creek","streamorde":5}},{"type":"Feature","geometry":{"type":"LineString","coordinates":[[-78.7397,39.6246],[-78.7335,39.6174]]},"properties":{"gnis_name":"North Branch Potomac River","streamorde":6}},{"type":"Feature","geometry":{"type":"LineString","coordinates":[[-79.162,39.3888],[-79.162,39.3917]]},"properties":{"gnis_name":"North Branch Potomac River","streamorde":5}},{"type":"Feature","geometry":{"type":"LineString","coordinates":[[-78.7934,39.3177],[-78.7893,39.3213]]},"properties":{"gnis_name":"South Branch Potomac River","streamorde":6}},{"type":"Feature","geometry":{"type":"LineString","coordinates":[[-79.2518,38.8825],[-79.2489,38.8895],[-79.2433,38.8888]]},"properties":{"gnis_name":"South Branch Potomac River","streamorde":5}},{"type":"Feature","geometry":{"type":"LineString","coordinates":[[-77.7414,39.4379],[-77.7308,39.4375],[-77.7338,39.4297]]},"properties":{"gnis_name":"Antietam Creek","streamorde":5}},{"type":"Feature","geometry":{"type":"LineString","coordinates":[[-77.6884,39.6495],[-77.6829,39.6436],[-77.6907,39.6345]]},"properties":{"gnis_name":"Antietam Creek","streamorde":5}},{"type":"Feature","geometry":{"type":"LineString","coordinates":[[-77.3723,39.3952],[-77.3786,39.3899]]},"properties":{"gnis_name":"Monocacy River","streamorde":7}},{"type":"Feature","geometry":{"type":"LineString","coordinates":[[-78.4069,39.4387],[-78.4064,39.4387]]},"properties":{"gnis_name":"Cacapon River","streamorde":6}},{"type":"Feature","geometry":{"type":"LineString","coordinates":[[-77.8969,39.1168],[-77.8955,39.1193]]},"properties":{"gnis_name":"Shenandoah River","streamorde":7}},{"type":"Feature","geometry":{"type":"LineString","coordinates":[[-79.495,38.8008],[-79.4918,38.8062]]},"properties":{"gnis_name":"Seneca Creek","streamorde":2}},{"type":"Feature","geometry":{"type":"LineString","coordinates":[[-78.0342,38.9059],[-78.0326,38.906]]},"properties":{"gnis_name":"Goose Creek","streamorde":3}},{"type":"Feature","geometry":{"type":"LineString","coordinates":[[-79.3019,38.7081],[-79.307,38.7113]]},"properties":{"gnis_name":"South Branch Potomac River","streamorde":5}},{"type":"Feature","geometry":{"type":"LineString","coordinates":[[-78.8249,39.2742],[-78.8105,39.2772]]},"properties":{"gnis_name":"South Branch Potomac River","streamorde":6}},{"type":"Feature","geometry":{"type":"LineString","coordinates":[[-77.6883,39.6496],[-77.6884,39.6495]]},"properties":{"gnis_name":"Antietam Creek","streamorde":5}},{"type":"Feature","geometry":{"type":"LineString","coordinates":[[-79.434,39.2228],[-79.432,39.2243]]},"properties":{"gnis_name":"North Branch Potomac River","streamorde":3}},{"type":"Feature","geometry":{"type":"LineString","coordinates":[[-79.307,38.7113],[-79.3073,38.7117]]},"properties":{"gnis_name":"South Branch Potomac River","streamorde":5}},{"type":"Feature","geometry":{"type":"LineString","coordinates":[[-77.9908,39.6006],[-77.9894,39.6006]]},"properties":{"gnis_name":"Potomac River","streamorde":7}},{"type":"Feature","geometry":{"type":"LineString","coordinates":[[-78.8182,39.5916],[-78.8123,39.6007]]},"properties":{"gnis_name":"North Branch Potomac River","streamorde":6}},{"type":"Feature","geometry":{"type":"LineString","coordinates":[[-79.1417,39.4115],[-79.1419,39.4141]]},"properties":{"gnis_name":"North Branch Potomac River","streamorde":5}},{"type":"Feature","geometry":{"type":"LineString","coordinates":[[-78.5381,39.1399],[-78.5441,39.1434]]},"properties":{"gnis_name":"Cacapon River","streamorde":5}},{"type":"Feature","geometry":{"type":"LineString","coordinates":[[-77.4384,39.2649],[-77.4354,39.2632]]},"properties":{"gnis_name":"Monocacy River","streamorde":7}},{"type":"Feature","geometry":{"type":"LineString","coordinates":[[-79.1054,39.4721],[-79.1055,39.4745]]},"properties":{"gnis_name":"North Branch Potomac River","streamorde":5}},{"type":"Feature","geometry":{"type":"LineString","coordinates":[[-78.7171,39.5636],[-78.7115,39.56]]},"properties":{"gnis_name":"North Branch Potomac River","streamorde":6}},{"type":"Feature","geometry":{"type":"LineString","coordinates":[[-78.3994,39.4403],[-78.4015,39.4416]]},"properties":{"gnis_name":"Cacapon River","streamorde":6}},{"type":"Feature","geometry":{"type":"LineString","coordinates":[[-77.7747,39.7664],[-77.7764,39.764]]},"properties":{"gnis_name":"Conococheague Creek","streamorde":5}},{"type":"Feature","geometry":{"type":"LineString","coordinates":[[-77.8078,39.7376],[-77.8121,39.7329]]},"properties":{"gnis_name":"Conococheague Creek","streamorde":6}},{"type":"Feature","geometry":{"type":"LineString","coordinates":[[-77.8413,39.2253],[-77.8409,39.2292]]},"properties":{"gnis_name":"Shenandoah River","streamorde":7}},{"type":"Feature","geometry":{"type":"LineString","coordinates":[[-78.4295,39.3058],[-78.416,39.3141]]},"properties":{"gnis_name":"Cacapon River","streamorde":5}},{"type":"Feature","geometry":{"type":"LineString","coordinates":[[-78.7648,39.5861],[-78.7462,39.5799],[-78.7352,39.5871]]},"properties":{"gnis_name":"North Branch Potomac River","streamorde":6}},{"type":"Feature","geometry":{"type":"LineString","coordinates":[[-78.6808,39.5438],[-78.6713,39.5409]]},"properties":{"gnis_name":"North Branch Potomac River","streamorde":6}},{"type":"Feature","geometry":{"type":"LineString","coordinates":[[-78.0042,39.0767],[-77.9954,39.0795]]},"properties":{"gnis_name":"Shenandoah River","streamorde":7}},{"type":"Feature","geometry":{"type":"LineString","coordinates":[[-77.8296,38.9698],[-77.8247,38.9747]]},"properties":{"gnis_name":"Goose Creek","streamorde":5}},{"type":"Feature","geometry":{"type":"LineString","coordinates":[[-77.3352,39.108],[-77.3389,39.1056]]},"properties":{"gnis_name":"Seneca Creek","streamorde":5}},{"type":"Feature","geometry":{"type":"LineString","coordinates":[[-77.197,38.9687],[-77.1963,38.9688]]},"properties":{"gnis_name":"Potomac River","streamorde":8}},{"type":"Feature","geometry":{"type":"LineString","coordinates":[[-79.1856,38.9899],[-79.1821,38.9893]]},"properties":{"gnis_name":"South Branch Potomac River","streamorde":6}},{"type":"Feature","geometry":{"type":"LineString","coordinates":[[-78.1117,38.9569],[-78.1068,38.9573]]},"properties":{"gnis_name":"Shenandoah River","streamorde":7}},{"type":"Feature","geometry":{"type":"LineString","coordinates":[[-77.3146,39.0565],[-77.3075,39.0555]]},"properties":{"gnis_name":"Potomac River","streamorde":8}},{"type":"Feature","geometry":{"type":"LineString","coordinates":[[-78.4759,39.2196],[-78.4739,39.2219]]},"properties":{"gnis_name":"Cacapon River","streamorde":5}},{"type":"Feature","geometry":{"type":"LineString","coordinates":[[-79.2261,38.9251],[-79.2291,38.9252]]},"properties":{"gnis_name":"South Branch Potomac River","streamorde":5}},{"type":"Feature","geometry":{"type":"LineString","coordinates":[[-78.422,39.584],[-78.4007,39.5809]]},"properties":{"gnis_name":"Potomac River","streamorde":7}},{"type":"Feature","geometry":{"type":"LineString","coordinates":[[-78.0919,39.6746],[-78.0876,39.6743]]},"properties":{"gnis_name":"Potomac River","streamorde":7}},{"type":"Feature","geometry":{"type":"LineString","coordinates":[[-77.9094,39.1046],[-77.9044,39.1071]]},"properties":{"gnis_name":"Shenandoah River","streamorde":7}},{"type":"Feature","geometry":{"type":"LineString","coordinates":[[-78.5879,39.528],[-78.5875,39.5285]]},"properties":{"gnis_name":"South Branch Potomac River","streamorde":6}},{"type":"Feature","geometry":{"type":"LineString","coordinates":[[-78.8514,39.2354],[-78.849,39.2389]]},"properties":{"gnis_name":"South Branch Potomac River","streamorde":6}},{"type":"Feature","geometry":{"type":"LineString","coordinates":[[-79.2046,39.3768],[-79.2022,39.3795]]},"properties":{"gnis_name":"North Branch Potomac River","streamorde":5}},{"type":"Feature","geometry":{"type":"LineString","coordinates":[[-78.6228,39.0793],[-78.6219,39.0792]]},"properties":{"gnis_name":"Cacapon River","streamorde":5}},{"type":"Feature","geometry":{"type":"LineString","coordinates":[[-78.6138,39.0799],[-78.6136,39.08]]},"properties":{"gnis_name":"Cacapon River","streamorde":5}},{"type":"Feature","geometry":{"type":"LineString","coordinates":[[-77.7881,39.4959],[-77.7879,39.4961]]},"properties":{"gnis_name":"Potomac River","streamorde":7}},{"type":"Feature","geometry":{"type":"LineString","coordinates":[[-77.7247,39.4776],[-77.7261,39.4689]]},"properties":{"gnis_name":"Antietam Creek","streamorde":5}},{"type":"Feature","geometry":{"type":"LineString","coordinates":[[-77.8607,39.609],[-77.8414,39.6077]]},"properties":{"gnis_name":"Potomac River","streamorde":7}},{"type":"Feature","geometry":{"type":"LineString","coordinates":[[-77.9195,39.1038],[-77.9094,39.1046]]},"properties":{"gnis_name":"Shenandoah River","streamorde":7}},{"type":"Feature","geometry":{"type":"LineString","coordinates":[[-78.4629,39.532],[-78.4618,39.5373],[-78.452,39.5383]]},"properties":{"gnis_name":"Potomac River","streamorde":7}},{"type":"Feature","geometry":{"type":"LineString","coordinates":[[-77.2525,39.0025],[-77.2529,38.9972]]},"properties":{"gnis_name":"Potomac River","streamorde":8}},{"type":"Feature","geometry":{"type":"LineString","coordinates":[[-78.0763,38.9917],[-78.071,38.9925]]},"properties":{"gnis_name":"Shenandoah River","streamorde":7}},{"type":"Feature","geometry":{"type":"LineString","coordinates":[[-78.2635,39.6251],[-78.2634,39.6266]]},"properties":{"gnis_name":"Potomac River","streamorde":7}},{"type":"Feature","geometry":{"type":"LineString","coordinates":[[-77.5427,39.2721],[-77.5355,39.2638]]},"properties":{"gnis_name":"Potomac River","streamorde":8}},{"type":"Feature","geometry":{"type":"LineString","coordinates":[[-78.3403,39.5258],[-78.3379,39.5274]]},"properties":{"gnis_name":"Cacapon River","streamorde":6}},{"type":"Feature","geometry":{"type":"LineString","coordinates":[[-78.3618,39.5104],[-78.3614,39.5101]]},"properties":{"gnis_name":"Cacapon River","streamorde":6}},{"type":"Feature","geometry":{"type":"LineString","coordinates":[[-78.0562,39.6534],[-78.0512,39.6506]]},"properties":{"gnis_name":"Potomac River","streamorde":7}},{"type":"Feature","geometry":{"type":"LineString","coordinates":[[-79.1936,38.9903],[-79.1856,38.9899]]},"properties":{"gnis_name":"South Branch Potomac River","streamorde":6}},{"type":"Feature","geometry":{"type":"LineString","coordinates":[[-77.1801,38.9689],[-77.1793,38.9687]]},"properties":{"gnis_name":"Potomac River","streamorde":8}},{"type":"Feature","geometry":{"type":"LineString","coordinates":[[-78.284,39.6044],[-78.29,39.607]]},"properties":{"gnis_name":"Cacapon River","streamorde":6}},{"type":"Feature","geometry":{"type":"LineString","coordinates":[[-77.6726,39.6541],[-77.6734,39.6542]]},"properties":{"gnis_name":"Antietam Creek","streamorde":5}},{"type":"Feature","geometry":{"type":"LineString","coordinates":[[-77.2936,39.0535],[-77.2878,39.0508]]},"properties":{"gnis_name":"Potomac River","streamorde":8}},{"type":"Feature","geometry":{"type":"LineString","coordinates":[[-78.3379,39.5274],[-78.3356,39.5354]]},"properties":{"gnis_name":"Cacapon River","streamorde":6}},{"type":"Feature","geometry":{"type":"LineString","coordinates":[[-79.2134,39.3682],[-79.2046,39.3768]]},"properties":{"gnis_name":"North Branch Potomac River","streamorde":5}},{"type":"Feature","geometry":{"type":"LineString","coordinates":[[-79.2375,39.3584],[-79.2321,39.362]]},"properties":{"gnis_name":"North Branch Potomac River","streamorde":5}},{"type":"Feature","geometry":{"type":"LineString","coordinates":[[-77.9176,38.9145],[-77.9101,38.9156]]},"properties":{"gnis_name":"Goose Creek","streamorde":5}},{"type":"Feature","geometry":{"type":"LineString","coordinates":[[-78.5039,39.5194],[-78.4997,39.5194]]},"properties":{"gnis_name":"Potomac River","streamorde":7}},{"type":"Feature","geometry":{"type":"LineString","coordinates":[[-77.7914,38.9869],[-77.7856,38.9825]]},"properties":{"gnis_name":"Goose Creek","streamorde":5}},{"type":"Feature","geometry":{"type":"LineString","coordinates":[[-77.0658,38.9013],[-77.0597,38.8998]]},"properties":{"gnis_name":"Potomac River","streamorde":8}},{"type":"Feature","geometry":{"type":"LineString","coordinates":[[-78.3996,39.4295],[-78.3997,39.4296]]},"properties":{"gnis_name":"Cacapon River","streamorde":6}},{"type":"Feature","geometry":{"type":"LineString","coordinates":[[-79.4332,38.8565],[-79.4255,38.8511]]},"properties":{"gnis_name":"Seneca Creek","streamorde":5}},{"type":"Feature","geometry":{"type":"LineString","coordinates":[[-77.8107,39.2297],[-77.808,39.2374],[-77.8169,39.2526],[-77.8146,39.2556]]},"properties":{"gnis_name":"Shenandoah River","streamorde":7}},{"type":"Feature","geometry":{"type":"LineString","coordinates":[[-77.6369,39.3092],[-77.6299,39.3088]]},"properties":{"gnis_name":"Potomac River","streamorde":8}},{"type":"Feature","geometry":{"type":"LineString","coordinates":[[-78.8514,39.5586],[-78.848,39.5623]]},"properties":{"gnis_name":"North Branch Potomac River","streamorde":6}},{"type":"Feature","geometry":{"type":"LineString","coordinates":[[-78.7958,39.6374],[-78.7938,39.6378]]},"properties":{"gnis_name":"North Branch Potomac River","streamorde":6}},{"type":"Feature","geometry":{"type":"LineString","coordinates":[[-77.3932,39.4423],[-77.3936,39.4403]]},"properties":{"gnis_name":"Monocacy River","streamorde":7}},{"type":"Feature","geometry":{"type":"LineString","coordinates":[[-77.8755,39.5631],[-77.8806,39.5622]]},"properties":{"gnis_name":"Potomac River","streamorde":7}},{"type":"Feature","geometry":{"type":"LineString","coordinates":[[-78.4579,39.2279],[-78.4501,39.2303]]},"properties":{"gnis_name":"Cacapon River","streamorde":5}},{"type":"Feature","geometry":{"type":"LineString","coordinates":[[-77.1023,38.914],[-77.101,38.9121]]},"properties":{"gnis_name":"Potomac River","streamorde":8}},{"type":"Feature","geometry":{"type":"LineString","coordinates":[[-77.3368,39.0885],[-77.3333,39.0899]]},"properties":{"gnis_name":"Seneca Creek","streamorde":5}},{"type":"Feature","geometry":{"type":"LineString","coordinates":[[-77.4975,39.0974],[-77.4864,39.1006]]},"properties":{"gnis_name":"Goose Creek","streamorde":6}},{"type":"Feature","geometry":{"type":"LineString","coordinates":[[-77.8945,38.9147],[-77.8903,38.9141]]},"properties":{"gnis_name":"Goose Creek","streamorde":5}},{"type":"Feature","geometry":{"type":"LineString","coordinates":[[-77.996,39.6012],[-77.9908,39.6006]]},"properties":{"gnis_name":"Potomac River","streamorde":7}},{"type":"Feature","geometry":{"type":"LineString","coordinates":[[-79.4291,39.2236],[-79.4257,39.2253]]},"properties":{"gnis_name":"North Branch Potomac River","streamorde":3}},{"type":"Feature","geometry":{"type":"LineString","coordinates":[[-79.2239,38.9327],[-79.2237,38.9332]]},"properties":{"gnis_name":"South Branch Potomac River","streamorde":5}},{"type":"Feature","geometry":{"type":"LineString","coordinates":[[-79.0717,39.0041],[-79.0671,39.0049]]},"properties":{"gnis_name":"South Branch Potomac River","streamorde":6}},{"type":"Feature","geometry":{"type":"LineString","coordinates":[[-77.7994,39.7577],[-77.7997,39.7565]]},"properties":{"gnis_name":"Conococheague Creek","streamorde":6}},{"type":"Feature","geometry":{"type":"LineString","coordinates":[[-77.3914,39.5055],[-77.3978,39.5009],[-77.3907,39.4916]]},"properties":{"gnis_name":"Monocacy River","streamorde":7}},{"type":"Feature","geometry":{"type":"LineString","coordinates":[[-77.6514,39.671],[-77.651,39.6662]]},"properties":{"gnis_name":"Antietam Creek","streamorde":5}},{"type":"Feature","geometry":{"type":"LineString","coordinates":[[-79.2758,38.7638],[-79.2753,38.771]]},"properties":{"gnis_name":"South Branch Potomac River","streamorde":5}},{"type":"Feature","geometry":{"type":"LineString","coordinates":[[-78.1879,38.9443],[-78.1883,38.9508]]},"properties":{"gnis_name":"Shenandoah River","streamorde":7}},{"type":"Feature","geometry":{"type":"LineString","coordinates":[[-78.3551,39.5211],[-78.3514,39.5281]]},"properties":{"gnis_name":"Cacapon River","streamorde":6}},{"type":"Feature","geometry":{"type":"LineString","coordinates":[[-78.0607,39.6568],[-78.06,39.6562]]},"properties":{"gnis_name":"Potomac River","streamorde":7}},{"type":"Feature","geometry":{"type":"LineString","coordinates":[[-78.5963,39.5004],[-78.6032,39.5049],[-78.6001,39.5093]]},"properties":{"gnis_name":"South Branch Potomac River","streamorde":6}},{"type":"Feature","geometry":{"type":"LineString","coordinates":[[-77.2347,38.9777],[-77.23,38.9802]]},"properties":{"gnis_name":"Potomac River","streamorde":8}},{"type":"Feature","geometry":{"type":"LineString","coordinates":[[-77.7814,39.7733],[-77.7781,39.7704]]},"properties":{"gnis_name":"Conococheague Creek","streamorde":5}},{"type":"Feature","geometry":{"type":"LineString","coordinates":[[-79.4634,38.5278],[-79.4627,38.5287]]},"properties":{"gnis_name":"South Branch Potomac River","streamorde":5}},{"type":"Feature","geometry":{"type":"LineString","coordinates":[[-77.8752,39.547],[-77.8664,39.5405]]},"properties":{"gnis_name":"Potomac River","streamorde":7}},{"type":"Feature","geometry":{"type":"LineString","coordinates":[[-79.2771,38.7786],[-79.2678,38.7856]]},"properties":{"gnis_name":"South Branch Potomac River","streamorde":5}},{"type":"Feature","geometry":{"type":"LineString","coordinates":[[-78.1987,38.9494],[-78.1889,38.9446]]},"properties":{"gnis_name":"Shenandoah River","streamorde":6}},{"type":"Feature","geometry":{"type":"LineString","coordinates":[[-77.7417,39.0062],[-77.7327,39.0067]]},"properties":{"gnis_name":"Goose Creek","streamorde":5}},{"type":"Feature","geometry":{"type":"LineString","coordinates":[[-77.5663,39.3071],[-77.5601,39.3022]]},"properties":{"gnis_name":"Potomac River","streamorde":8}},{"type":"Feature","geometry":{"type":"LineString","coordinates":[[-78.7771,39.627],[-78.776,39.622]]},"properties":{"gnis_name":"North Branch Potomac River","streamorde":6}},{"type":"Feature","geometry":{"type":"LineString","coordinates":[[-78.4479,39.2754],[-78.448,39.2755]]},"properties":{"gnis_name":"Cacapon River","streamorde":5}},{"type":"Feature","geometry":{"type":"LineString","coordinates":[[-77.0382,38.7147],[-77.0477,38.7049]]},"properties":{"gnis_name":"Potomac River","streamorde":8}},{"type":"Feature","geometry":{"type":"LineString","coordinates":[[-79.3253,39.301],[-79.3126,39.3043]]},"properties":{"gnis_name":"North Branch Potomac River","streamorde":4}},{"type":"Feature","geometry":{"type":"LineString","coordinates":[[-78.1239,39.6863],[-78.1186,39.685]]},"properties":{"gnis_name":"Potomac River","streamorde":7}},{"type":"Feature","geometry":{"type":"LineString","coordinates":[[-78.4283,39.5594],[-78.4308,39.5602]]},"properties":{"gnis_name":"Potomac River","streamorde":7}},{"type":"Feature","geometry":{"type":"LineString","coordinates":[[-77.8409,39.2292],[-77.8364,39.2314]]},"properties":{"gnis_name":"Shenandoah River","streamorde":7}},{"type":"Feature","geometry":{"type":"LineString","coordinates":[[-78.3996,39.4531],[-78.3914,39.4512],[-78.3893,39.4556]]},"properties":{"gnis_name":"Cacapon River","streamorde":6}},{"type":"Feature","geometry":{"type":"LineString","coordinates":[[-77.7002,39.0135],[-77.6961,39.014]]},"properties":{"gnis_name":"Goose Creek","streamorde":5}},{"type":"Feature","geometry":{"type":"LineString","coordinates":[[-77.8747,38.9251],[-77.874,38.9249]]},"properties":{"gnis_name":"Goose Creek","streamorde":5}},{"type":"Feature","geometry":{"type":"LineString","coordinates":[[-78.8113,39.2917],[-78.8078,39.2934]]},"properties":{"gnis_name":"South Branch Potomac River","streamorde":6}},{"type":"Feature","geometry":{"type":"LineString","coordinates":[[-78.5711,39.5043],[-78.5659,39.5109],[-78.5787,39.5151]]},"properties":{"gnis_name":"South Branch Potomac River","streamorde":6}},{"type":"Feature","geometry":{"type":"LineString","coordinates":[[-77.7259,39.4658],[-77.7273,39.4606]]},"properties":{"gnis_name":"Antietam Creek","streamorde":5}},{"type":"Feature","geometry":{"type":"LineString","coordinates":[[-77.335,39.124],[-77.3344,39.123]]},"properties":{"gnis_name":"Seneca Creek","streamorde":5}},{"type":"Feature","geometry":{"type":"LineString","coordinates":[[-79.4907,39.1954],[-79.4984,39.1978]]},"properties":{"gnis_name":"North Branch Potomac River","streamorde":1}},{"type":"Feature","geometry":{"type":"LineString","coordinates":[[-77.5214,39.154],[-77.5213,39.1488]]},"properties":{"gnis_name":"Potomac River","streamorde":8}},{"type":"Feature","geometry":{"type":"LineString","coordinates":[[-79.0125,39.4642],[-79.0095,39.461]]},"properties":{"gnis_name":"North Branch Potomac River","streamorde":6}},{"type":"Feature","geometry":{"type":"LineString","coordinates":[[-77.3788,39.4312],[-77.3792,39.43]]},"properties":{"gnis_name":"Monocacy River","streamorde":7}},{"type":"Feature","geometry":{"type":"LineString","coordinates":[[-78.8327,39.2572],[-78.8277,39.2609]]},"properties":{"gnis_name":"South Branch Potomac River","streamorde":6}},{"type":"Feature","geometry":{"type":"LineString","coordinates":[[-78.7938,39.6378],[-78.7818,39.6371],[-78.7769,39.6451],[-78.7647,39.648]]},"properties":{"gnis_name":"North Branch Potomac River","streamorde":6}},{"type":"Feature","geometry":{"type":"LineString","coordinates":[[-78.9233,39.1475],[-78.9229,39.1476]]},"properties":{"gnis_name":"South Branch Potomac River","streamorde":6}},{"type":"Feature","geometry":{"type":"LineString","coordinates":[[-78.3969,39.5832],[-78.3954,39.5862]]},"properties":{"gnis_name":"Potomac River","streamorde":7}},{"type":"Feature","geometry":{"type":"LineString","coordinates":[[-78.4889,39.2055],[-78.4851,39.2113]]},"properties":{"gnis_name":"Cacapon River","streamorde":5}},{"type":"Feature","geometry":{"type":"LineString","coordinates":[[-79.2321,39.362],[-79.2156,39.3637]]},"properties":{"gnis_name":"North Branch Potomac River","streamorde":5}},{"type":"Feature","geometry":{"type":"LineString","coordinates":[[-79.4677,38.8595],[-79.4607,38.8598]]},"properties":{"gnis_name":"Seneca Creek","streamorde":4}},{"type":"Feature","geometry":{"type":"LineString","coordinates":[[-77.2441,39.0267],[-77.2424,39.0254]]},"properties":{"gnis_name":"Potomac River","streamorde":8}},{"type":"Feature","geometry":{"type":"LineString","coordinates":[[-79.3254,38.6423],[-79.3151,38.6571]]},"properties":{"gnis_name":"South Branch Potomac River","streamorde":5}},{"type":"Feature","geometry":{"type":"LineString","coordinates":[[-77.3933,39.3676],[-77.3949,39.3669]]},"properties":{"gnis_name":"Monocacy River","streamorde":7}},{"type":"Feature","geometry":{"type":"LineString","coordinates":[[-79.4876,38.5088],[-79.4872,38.5097]]},"properties":{"gnis_name":"South Branch Potomac River","streamorde":5}},{"type":"Feature","geometry":{"type":"LineString","coordinates":[[-77.1275,38.9412],[-77.1257,38.9397]]},"properties":{"gnis_name":"Potomac River","streamorde":8}},{"type":"Feature","geometry":{"type":"LineString","coordinates":[[-78.855,39.2244],[-78.8531,39.2277]]},"properties":{"gnis_name":"South Branch Potomac River","streamorde":6}},{"type":"Feature","geometry":{"type":"LineString","coordinates":[[-77.7698,38.9832],[-77.7695,38.9837]]},"properties":{"gnis_name":"Goose Creek","streamorde":5}},{"type":"Feature","geometry":{"type":"LineString","coordinates":[[-77.628,39.3085],[-77.6247,39.3077]]},"properties":{"gnis_name":"Potomac River","streamorde":8}},{"type":"Feature","geometry":{"type":"LineString","coordinates":[[-77.3183,39.0577],[-77.3146,39.0565]]},"properties":{"gnis_name":"Potomac River","streamorde":8}},{"type":"Feature","geometry":{"type":"LineString","coordinates":[[-77.8878,38.9186],[-77.8883,38.9211]]},"properties":{"gnis_name":"Goose Creek","streamorde":5}},{"type":"Feature","geometry":{"type":"LineString","coordinates":[[-78.4142,39.4211],[-78.4143,39.4212]]},"properties":{"gnis_name":"Cacapon River","streamorde":6}},{"type":"Feature","geometry":{"type":"LineString","coordinates":[[-79.2674,38.7882],[-79.2739,38.7952]]},"properties":{"gnis_name":"South Branch Potomac River","streamorde":5}},{"type":"Feature","geometry":{"type":"LineString","coordinates":[[-77.0781,38.9034],[-77.0762,38.9031]]},"properties":{"gnis_name":"Potomac River","streamorde":8}},{"type":"Feature","geometry":{"type":"LineString","coordinates":[[-79.1278,39.4215],[-79.1266,39.4312]]},"properties":{"gnis_name":"North Branch Potomac River","streamorde":5}},{"type":"Feature","geometry":{"type":"LineString","coordinates":[[-77.7099,39.5953],[-77.7128,39.5946]]},"properties":{"gnis_name":"Antietam Creek","streamorde":5}},{"type":"Feature","geometry":{"type":"LineString","coordinates":[[-78.257,39.6381],[-78.2561,39.6392]]},"properties":{"gnis_name":"Potomac River","streamorde":7}},{"type":"Feature","geometry":{"type":"LineString","coordinates":[[-77.5354,39.0425],[-77.5344,39.0424]]},"properties":{"gnis_name":"Goose Creek","streamorde":6}},{"type":"Feature","geometry":{"type":"LineString","coordinates":[[-78.4306,39.3451],[-78.4303,39.3449]]},"properties":{"gnis_name":"Cacapon River","streamorde":5}},{"type":"Feature","geometry":{"type":"LineString","coordinates":[[-78.4547,39.2397],[-78.4552,39.2399]]},"properties":{"gnis_name":"Cacapon River","streamorde":5}},{"type":"Feature","geometry":{"type":"LineString","coordinates":[[-78.4065,39.4338],[-78.4073,39.4344]]},"properties":{"gnis_name":"Cacapon River","streamorde":6}},{"type":"Feature","geometry":{"type":"LineString","coordinates":[[-77.9428,39.0948],[-77.9407,39.0941]]},"properties":{"gnis_name":"Shenandoah River","streamorde":7}},{"type":"Feature","geometry":{"type":"LineString","coordinates":[[-78.7653,39.3519],[-78.7652,39.3593],[-78.756,39.3643]]},"properties":{"gnis_name":"South Branch Potomac River","streamorde":6}},{"type":"Feature","geometry":{"type":"LineString","coordinates":[[-77.4393,39.2444],[-77.4424,39.2438]]},"properties":{"gnis_name":"Monocacy River","streamorde":7}},{"type":"Feature","geometry":{"type":"LineString","coordinates":[[-78.512,39.5224],[-78.5059,39.5201]]},"properties":{"gnis_name":"Potomac River","streamorde":7}},{"type":"Feature","geometry":{"type":"LineString","coordinates":[[-77.7794,39.4297],[-77.7768,39.4291]]},"properties":{"gnis_name":"Potomac River","streamorde":7}},{"type":"Feature","geometry":{"type":"LineString","coordinates":[[-77.6635,39.0299],[-77.6612,39.0301]]},"properties":{"gnis_name":"Goose Creek","streamorde":5}},{"type":"Feature","geometry":{"type":"LineString","coordinates":[[-78.3413,39.6389],[-78.3342,39.6378]]},"properties":{"gnis_name":"Potomac River","streamorde":7}},{"type":"Feature","geometry":{"type":"LineString","coordinates":[[-79.2741,38.7978],[-79.2742,38.7995]]},"properties":{"gnis_name":"South Branch Potomac River","streamorde":5}},{"type":"Feature","geometry":{"type":"LineString","coordinates":[[-78.6196,39.4878],[-78.6203,39.4891]]},"properties":{"gnis_name":"South Branch Potomac River","streamorde":6}},{"type":"Feature","geometry":{"type":"LineString","coordinates":[[-79.4724,38.517],[-79.4696,38.5176]]},"properties":{"gnis_name":"South Branch Potomac River","streamorde":5}},{"type":"Feature","geometry":{"type":"LineString","coordinates":[[-78.5622,39.1298],[-78.5613,39.1304]]},"properties":{"gnis_name":"Cacapon River","streamorde":5}},{"type":"Feature","geometry":{"type":"LineString","coordinates":[[-77.822,39.6031],[-77.8265,39.6015]]},"properties":{"gnis_name":"Conococheague Creek","streamorde":6}},{"type":"Feature","geometry":{"type":"LineString","coordinates":[[-78.4457,39.5681],[-78.4492,39.5692]]},"properties":{"gnis_name":"Potomac River","streamorde":7}},{"type":"Feature","geometry":{"type":"LineString","coordinates":[[-78.4132,39.393],[-78.4109,39.3964],[-78.4174,39.4024]]},"properties":{"gnis_name":"Cacapon River","streamorde":5}},{"type":"Feature","geometry":{"type":"LineString","coordinates":[[-79.1276,38.99],[-79.116,38.9891]]},"properties":{"gnis_name":"South Branch Potomac River","streamorde":6}},{"type":"Feature","geometry":{"type":"LineString","coordinates":[[-78.2514,39.6444],[-78.2497,39.6446]]},"properties":{"gnis_name":"Potomac River","streamorde":7}},{"type":"Feature","geometry":{"type":"LineString","coordinates":[[-77.765,39.4942],[-77.7973,39.479],[-77.7928,39.4701],[-77.7771,39.463],[-77.7799,39.4593],[-77.7982,39.4593],[-77.7844,39.4462],[-77.7987,39.4407]]},"properties":{"gnis_name":"Potomac River","streamorde":7}},{"type":"Feature","geometry":{"type":"LineString","coordinates":[[-77.5263,39.0559],[-77.5257,39.058]]},"properties":{"gnis_name":"Goose Creek","streamorde":6}},{"type":"Feature","geometry":{"type":"LineString","coordinates":[[-77.056,38.8871],[-77.0443,38.8773]]},"properties":{"gnis_name":"Potomac River","streamorde":8}},{"type":"Feature","geometry":{"type":"LineString","coordinates":[[-77.6115,39.0304],[-77.6095,39.0307]]},"properties":{"gnis_name":"Goose Creek","streamorde":6}},{"type":"Feature","geometry":{"type":"LineString","coordinates":[[-77.7491,39.3751],[-77.7489,39.3748]]},"properties":{"gnis_name":"Potomac River","streamorde":7}},{"type":"Feature","geometry":{"type":"LineString","coordinates":[[-77.8295,39.6009],[-77.8298,39.601]]},"properties":{"gnis_name":"Conococheague Creek","streamorde":6}},{"type":"Feature","geometry":{"type":"LineString","coordinates":[[-77.5574,39.0271],[-77.5536,39.0269]]},"properties":{"gnis_name":"Goose Creek","streamorde":6}},{"type":"Feature","geometry":{"type":"LineString","coordinates":[[-78.4305,39.3692],[-78.426,39.3727]]},"properties":{"gnis_name":"Cacapon River","streamorde":5}},{"type":"Feature","geometry":{"type":"LineString","coordinates":[[-77.4606,39.2303],[-77.4558,39.2231]]},"properties":{"gnis_name":"Potomac River","streamorde":8}},{"type":"Feature","geometry":{"type":"LineString","coordinates":[[-77.4864,39.1006],[-77.4772,39.101]]},"properties":{"gnis_name":"Goose Creek","streamorde":6}},{"type":"Feature","geometry":{"type":"LineString","coordinates":[[-78.8794,39.1981],[-78.8756,39.2029]]},"properties":{"gnis_name":"South Branch Potomac River","streamorde":6}},{"type":"Feature","geometry":{"type":"LineString","coordinates":[[-79.0068,39.4598],[-79.0044,39.4594]]},"properties":{"gnis_name":"North Branch Potomac River","streamorde":6}},{"type":"Feature","geometry":{"type":"LineString","coordinates":[[-77.3906,39.4898],[-77.3877,39.4833]]},"properties":{"gnis_name":"Monocacy River","streamorde":7}},{"type":"Feature","geometry":{"type":"LineString","coordinates":[[-77.2175,39.72],[-77.2152,39.7152]]},"properties":{"gnis_name":"Monocacy River","streamorde":6}},{"type":"Feature","geometry":{"type":"LineString","coordinates":[[-78.0851,38.9721],[-78.088,38.9784]]},"properties":{"gnis_name":"Shenandoah River","streamorde":7}},{"type":"Feature","geometry":{"type":"LineString","coordinates":[[-77.768,39.7878],[-77.7724,39.7857]]},"properties":{"gnis_name":"Conococheague Creek","streamorde":5}},{"type":"Feature","geometry":{"type":"LineString","coordinates":[[-77.8872,39.5544],[-77.8843,39.5515]]},"properties":{"gnis_name":"Potomac River","streamorde":7}},{"type":"Feature","geometry":{"type":"LineString","coordinates":[[-77.4784,39.1879],[-77.4797,39.1875]]},"properties":{"gnis_name":"Potomac River","streamorde":8}},{"type":"Feature","geometry":{"type":"LineString","coordinates":[[-77.6996,39.6251],[-77.7071,39.6233],[-77.7067,39.6186]]},"properties":{"gnis_name":"Antietam Creek","streamorde":5}},{"type":"Feature","geometry":{"type":"LineString","coordinates":[[-78.6318,39.088],[-78.6313,39.0879]]},"properties":{"gnis_name":"Cacapon River","streamorde":5}},{"type":"Feature","geometry":{"type":"LineString","coordinates":[[-78.3262,39.5654],[-78.3182,39.5727]]},"properties":{"gnis_name":"Cacapon River","streamorde":6}},{"type":"Feature","geometry":{"type":"LineString","coordinates":[[-77.887,39.5588],[-77.8872,39.5544]]},"properties":{"gnis_name":"Potomac River","streamorde":7}},{"type":"Feature","geometry":{"type":"LineString","coordinates":[[-79.4742,38.5155],[-79.4733,38.5169]]},"properties":{"gnis_name":"South Branch Potomac River","streamorde":5}},{"type":"Feature","geometry":{"type":"LineString","coordinates":[[-77.341,39.0946],[-77.3385,39.0913]]},"properties":{"gnis_name":"Seneca Creek","streamorde":5}},{"type":"Feature","geometry":{"type":"LineString","coordinates":[[-77.7372,39.3311],[-77.7341,39.3291]]},"properties":{"gnis_name":"Potomac River","streamorde":7}},{"type":"Feature","geometry":{"type":"LineString","coordinates":[[-77.023,38.852],[-77.0239,38.851]]},"properties":{"gnis_name":"Potomac River","streamorde":8}},{"type":"Feature","geometry":{"type":"LineString","coordinates":[[-77.7179,39.0084],[-77.7125,39.0063]]},"properties":{"gnis_name":"Goose Creek","streamorde":5}},{"type":"Feature","geometry":{"type":"LineString","coordinates":[[-79.3515,39.2843],[-79.3447,39.2852]]},"properties":{"gnis_name":"North Branch Potomac River","streamorde":4}},{"type":"Feature","geometry":{"type":"LineString","coordinates":[[-77.8955,39.1193],[-77.8947,39.1211]]},"properties":{"gnis_name":"Shenandoah River","streamorde":7}},{"type":"Feature","geometry":{"type":"LineString","coordinates":[[-79.2268,38.9317],[-79.2239,38.9327]]},"properties":{"gnis_name":"South Branch Potomac River","streamorde":5}},{"type":"Feature","geometry":{"type":"LineString","coordinates":[[-79.4299,38.5545],[-79.4292,38.5616]]},"properties":{"gnis_name":"South Branch Potomac River","streamorde":5}},{"type":"Feature","geometry":{"type":"LineString","coordinates":[[-77.0811,38.904],[-77.0801,38.9038]]},"properties":{"gnis_name":"Potomac River","streamorde":8}},{"type":"Feature","geometry":{"type":"LineString","coordinates":[[-77.7072,39.5069],[-77.7139,39.5043]]},"properties":{"gnis_name":"Antietam Creek","streamorde":5}},{"type":"Feature","geometry":{"type":"LineString","coordinates":[[-77.116,38.9292],[-77.116,38.9291]]},"properties":{"gnis_name":"Potomac River","streamorde":8}},{"type":"Feature","geometry":{"type":"LineString","coordinates":[[-78.5236,39.5251],[-78.512,39.5224]]},"properties":{"gnis_name":"Potomac River","streamorde":7}},{"type":"Feature","geometry":{"type":"LineString","coordinates":[[-77.7747,39.4997],[-77.7708,39.4995]]},"properties":{"gnis_name":"Potomac River","streamorde":7}},{"type":"Feature","geometry":{"type":"LineString","coordinates":[[-78.1269,39.6866],[-78.1239,39.6863]]},"properties":{"gnis_name":"Potomac River","streamorde":7}},{"type":"Feature","geometry":{"type":"LineString","coordinates":[[-78.8122,39.6009],[-78.8092,39.6082]]},"properties":{"gnis_name":"North Branch Potomac River","streamorde":6}},{"type":"Feature","geometry":{"type":"LineString","coordinates":[[-77.966,38.9107],[-77.9587,38.9138]]},"properties":{"gnis_name":"Goose Creek","streamorde":4}},{"type":"Feature","geometry":{"type":"LineString","coordinates":[[-79.4952,38.4994],[-79.4951,38.5]]},"properties":{"gnis_name":"South Branch Potomac River","streamorde":5}},{"type":"Feature","geometry":{"type":"LineString","coordinates":[[-77.0594,38.8987],[-77.0591,38.8979]]},"properties":{"gnis_name":"Potomac River","streamorde":8}},{"type":"Feature","geometry":{"type":"LineString","coordinates":[[-77.351,39.544],[-77.3557,39.5384],[-77.3534,39.5336]]},"properties":{"gnis_name":"Monocacy River","streamorde":7}},{"type":"Feature","geometry":{"type":"LineString","coordinates":[[-77.3408,39.0656],[-77.3255,39.0627]]},"properties":{"gnis_name":"Potomac River","streamorde":8}},{"type":"Feature","geometry":{"type":"LineString","coordinates":[[-78.4834,39.5199],[-78.48,39.519]]},"properties":{"gnis_name":"Potomac River","streamorde":7}},{"type":"Feature","geometry":{"type":"LineString","coordinates":[[-78.0048,39.3604],[-78.0037,39.3604]]},"properties":{"gnis_name":"Goose Creek","streamorde":2}},{"type":"Feature","geometry":{"type":"LineString","coordinates":[[-77.8321,39.5746],[-77.8392,39.5645]]},"properties":{"gnis_name":"Potomac River","streamorde":7}},{"type":"Feature","geometry":{"type":"LineString","coordinates":[[-77.8286,39.2102],[-77.8292,39.218],[-77.8413,39.2253]]},"properties":{"gnis_name":"Shenandoah River","streamorde":7}},{"type":"Feature","geometry":{"type":"LineString","coordinates":[[-78.4123,39.4293],[-78.4067,39.4281]]},"properties":{"gnis_name":"Cacapon River","streamorde":6}},{"type":"Feature","geometry":{"type":"LineString","coordinates":[[-78.5997,39.0785],[-78.5996,39.0781]]},"properties":{"gnis_name":"Cacapon River","streamorde":5}},{"type":"Feature","geometry":{"type":"LineString","coordinates":[[-78.7692,39.6214],[-78.763,39.6193],[-78.7496,39.6266]]},"properties":{"gnis_name":"North Branch Potomac River","streamorde":6}},{"type":"Feature","geometry":{"type":"LineString","coordinates":[[-77.843,38.9607],[-77.8344,38.9609]]},"properties":{"gnis_name":"Goose Creek","streamorde":5}},{"type":"Feature","geometry":{"type":"LineString","coordinates":[[-77.8309,38.9619],[-77.834,38.968],[-77.8296,38.9698]]},"properties":{"gnis_name":"Goose Creek","streamorde":5}},{"type":"Feature","geometry":{"type":"LineString","coordinates":[[-78.3162,39.5771],[-78.3172,39.5823],[-78.3087,39.5821]]},"properties":{"gnis_name":"Cacapon River","streamorde":6}},{"type":"Feature","geometry":{"type":"LineString","coordinates":[[-77.7128,39.5946],[-77.7101,39.5885]]},"properties":{"gnis_name":"Antietam Creek","streamorde":5}},{"type":"Feature","geometry":{"type":"LineString","coordinates":[[-77.8843,39.5515],[-77.8752,39.547]]},"properties":{"gnis_name":"Potomac River","streamorde":7}},{"type":"Feature","geometry":{"type":"LineString","coordinates":[[-79.3019,38.7078],[-79.3019,38.7081]]},"properties":{"gnis_name":"South Branch Potomac River","streamorde":5}},{"type":"Feature","geometry":{"type":"LineString","coordinates":[[-78.0216,39.0225],[-78.0209,39.0233]]},"properties":{"gnis_name":"Shenandoah River","streamorde":7}},{"type":"Feature","geometry":{"type":"LineString","coordinates":[[-77.6961,39.014],[-77.6896,39.014]]},"properties":{"gnis_name":"Goose Creek","streamorde":5}},{"type":"Feature","geometry":{"type":"LineString","coordinates":[[-77.0313,38.8631],[-77.023,38.852]]},"properties":{"gnis_name":"Potomac River","streamorde":8}},{"type":"Feature","geometry":{"type":"LineString","coordinates":[[-78.7352,39.5871],[-78.7323,39.5826]]},"properties":{"gnis_name":"North Branch Potomac River","streamorde":6}},{"type":"Feature","geometry":{"type":"LineString","coordinates":[[-77.7178,39.4833],[-77.7165,39.4772],[-77.7247,39.4776]]},"properties":{"gnis_name":"Antietam Creek","streamorde":5}},{"type":"Feature","geometry":{"type":"LineString","coordinates":[[-79.4776,39.2041],[-79.4727,39.2024]]},"properties":{"gnis_name":"North Branch Potomac River","streamorde":2}},{"type":"Feature","geometry":{"type":"LineString","coordinates":[[-78.0209,39.0233],[-78.007,39.034]]},"properties":{"gnis_name":"Shenandoah River","streamorde":7}},{"type":"Feature","geometry":{"type":"LineString","coordinates":[[-78.413,39.4295],[-78.4123,39.4293]]},"properties":{"gnis_name":"Cacapon River","streamorde":6}},{"type":"Feature","geometry":{"type":"LineString","coordinates":[[-78.9421,39.1163],[-78.9413,39.1182]]},"properties":{"gnis_name":"South Branch Potomac River","streamorde":6}},{"type":"Feature","geometry":{"type":"LineString","coordinates":[[-77.7341,39.3291],[-77.7316,39.3276]]},"properties":{"gnis_name":"Potomac River","streamorde":7}},{"type":"Feature","geometry":{"type":"LineString","coordinates":[[-77.1277,38.9439],[-77.1275,38.9412]]},"properties":{"gnis_name":"Potomac River","streamorde":8}},{"type":"Feature","geometry":{"type":"LineString","coordinates":[[-77.4402,39.2654],[-77.439,39.2652]]},"properties":{"gnis_name":"Monocacy River","streamorde":7}},{"type":"Feature","geometry":{"type":"LineString","coordinates":[[-78.452,39.5383],[-78.4491,39.5423],[-78.46,39.545],[-78.4616,39.5508],[-78.4511,39.5507],[-78.4413,39.5413]]},"properties":{"gnis_name":"Potomac River","streamorde":7}},{"type":"Feature","geometry":{"type":"LineString","coordinates":[[-78.3263,39.6348],[-78.3239,39.6343]]},"properties":{"gnis_name":"Potomac River","streamorde":7}},{"type":"Feature","geometry":{"type":"LineString","coordinates":[[-78.1492,38.9705],[-78.1392,38.9663]]},"properties":{"gnis_name":"Shenandoah River","streamorde":7}},{"type":"Feature","geometry":{"type":"LineString","coordinates":[[-77.5186,39.1636],[-77.5206,39.1571]]},"properties":{"gnis_name":"Potomac River","streamorde":8}},{"type":"Feature","geometry":{"type":"LineString","coordinates":[[-77.7897,39.4934],[-77.7881,39.4959]]},"properties":{"gnis_name":"Potomac River","streamorde":7}},{"type":"Feature","geometry":{"type":"LineString","coordinates":[[-77.8312,39.6757],[-77.824,39.6741]]},"properties":{"gnis_name":"Conococheague Creek","streamorde":6}},{"type":"Feature","geometry":{"type":"LineString","coordinates":[[-77.9249,39.608],[-77.9227,39.6061]]},"properties":{"gnis_name":"Potomac River","streamorde":7}},{"type":"Feature","geometry":{"type":"LineString","coordinates":[[-78.5905,39.5369],[-78.5918,39.5317]]},"properties":{"gnis_name":"North Branch Potomac River","streamorde":6}},{"type":"Feature","geometry":{"type":"LineString","coordinates":[[-77.2261,39.7094],[-77.22,39.7032]]},"properties":{"gnis_name":"Monocacy River","streamorde":6}},{"type":"Feature","geometry":{"type":"LineString","coordinates":[[-77.1843,38.9688],[-77.1801,38.9689]]},"properties":{"gnis_name":"Potomac River","streamorde":8}},{"type":"Feature","geometry":{"type":"LineString","coordinates":[[-78.7381,39.3829],[-78.7382,39.3929]]},"properties":{"gnis_name":"South Branch Potomac River","streamorde":6}},{"type":"Feature","geometry":{"type":"LineString","coordinates":[[-77.7555,39.7875],[-77.7587,39.7885]]},"properties":{"gnis_name":"Conococheague Creek","streamorde":5}},{"type":"Feature","geometry":{"type":"LineString","coordinates":[[-78.3277,39.5573],[-78.3269,39.5588]]},"properties":{"gnis_name":"Cacapon River","streamorde":6}},{"type":"Feature","geometry":{"type":"LineString","coordinates":[[-78.4895,39.2052],[-78.4889,39.2055]]},"properties":{"gnis_name":"Cacapon River","streamorde":5}},{"type":"Feature","geometry":{"type":"LineString","coordinates":[[-78.5117,39.1792],[-78.5072,39.1797]]},"properties":{"gnis_name":"Cacapon River","streamorde":5}},{"type":"Feature","geometry":{"type":"LineString","coordinates":[[-79.4872,38.5097],[-79.4826,38.5126]]},"properties":{"gnis_name":"South Branch Potomac River","streamorde":5}},{"type":"Feature","geometry":{"type":"LineString","coordinates":[[-79.2237,38.9332],[-79.2283,38.9355]]},"properties":{"gnis_name":"South Branch Potomac River","streamorde":5}},{"type":"Feature","geometry":{"type":"LineString","coordinates":[[-78.0871,38.9886],[-78.0841,38.991]]},"properties":{"gnis_name":"Shenandoah River","streamorde":7}},{"type":"Feature","geometry":{"type":"LineString","coordinates":[[-77.388,39.37],[-77.3895,39.3694]]},"properties":{"gnis_name":"Monocacy River","streamorde":7}},{"type":"Feature","geometry":{"type":"LineString","coordinates":[[-77.507,39.0888],[-77.5038,39.09]]},"properties":{"gnis_name":"Goose Creek","streamorde":6}},{"type":"Feature","geometry":{"type":"LineString","coordinates":[[-77.7458,39.4175],[-77.7464,39.4173]]},"properties":{"gnis_name":"Antietam Creek","streamorde":5}},{"type":"Feature","geometry":{"type":"LineString","coordinates":[[-78.4871,39.5193],[-78.4834,39.5199]]},"properties":{"gnis_name":"Potomac River","streamorde":7}},{"type":"Feature","geometry":{"type":"LineString","coordinates":[[-79.4881,38.8443],[-79.4863,38.8497]]},"properties":{"gnis_name":"Seneca Creek","streamorde":3}},{"type":"Feature","geometry":{"type":"LineString","coordinates":[[-78.4413,39.5413],[-78.4354,39.5411],[-78.4383,39.5535],[-78.4291,39.5503]]},"properties":{"gnis_name":"Potomac River","streamorde":7}},{"type":"Feature","geometry":{"type":"LineString","coordinates":[[-79.4727,39.2024],[-79.4588,39.2115]]},"properties":{"gnis_name":"North Branch Potomac River","streamorde":3}},{"type":"Feature","geometry":{"type":"LineString","coordinates":[[-78.9485,39.1103],[-78.9474,39.1123]]},"properties":{"gnis_name":"South Branch Potomac River","streamorde":6}},{"type":"Feature","geometry":{"type":"LineString","coordinates":[[-79.116,38.9891],[-79.1111,38.9891]]},"properties":{"gnis_name":"South Branch Potomac River","streamorde":6}},{"type":"Feature","geometry":{"type":"LineString","coordinates":[[-79.0139,39.0066],[-79.0114,39.0107]]},"properties":{"gnis_name":"South Branch Potomac River","streamorde":6}},{"type":"Feature","geometry":{"type":"LineString","coordinates":[[-78.6181,39.0798],[-78.6179,39.08]]},"properties":{"gnis_name":"Cacapon River","streamorde":5}},{"type":"Feature","geometry":{"type":"LineString","coordinates":[[-77.37,39.5202],[-77.3702,39.5197]]},"properties":{"gnis_name":"Monocacy River","streamorde":7}},{"type":"Feature","geometry":{"type":"LineString","coordinates":[[-79.3984,39.2534],[-79.3993,39.2553]]},"properties":{"gnis_name":"North Branch Potomac River","streamorde":4}},{"type":"Feature","geometry":{"type":"LineString","coordinates":[[-77.9854,38.9053],[-77.9747,38.9051]]},"properties":{"gnis_name":"Goose Creek","streamorde":4}},{"type":"Feature","geometry":{"type":"LineString","coordinates":[[-78.8711,39.5294],[-78.8713,39.5374]]},"properties":{"gnis_name":"North Branch Potomac River","streamorde":6}},{"type":"Feature","geometry":{"type":"LineString","coordinates":[[-77.7094,39.5001],[-77.714,39.4878]]},"properties":{"gnis_name":"Antietam Creek","streamorde":5}},{"type":"Feature","geometry":{"type":"LineString","coordinates":[[-79.4682,38.5201],[-79.4671,38.5253]]},"properties":{"gnis_name":"South Branch Potomac River","streamorde":5}},{"type":"Feature","geometry":{"type":"LineString","coordinates":[[-78.4544,39.2398],[-78.4547,39.2397]]},"properties":{"gnis_name":"Cacapon River","streamorde":5}},{"type":"Feature","geometry":{"type":"LineString","coordinates":[[-78.3087,39.5821],[-78.3071,39.5822]]},"properties":{"gnis_name":"Cacapon River","streamorde":6}},{"type":"Feature","geometry":{"type":"LineString","coordinates":[[-77.4764,39.1898],[-77.4784,39.1879]]},"properties":{"gnis_name":"Potomac River","streamorde":8}},{"type":"Feature","geometry":{"type":"LineString","coordinates":[[-78.9582,39.4489],[-78.9606,39.4514],[-78.9552,39.4535]]},"properties":{"gnis_name":"North Branch Potomac River","streamorde":6}},{"type":"Feature","geometry":{"type":"LineString","coordinates":[[-79.351,38.611],[-79.3446,38.6151]]},"properties":{"gnis_name":"South Branch Potomac River","streamorde":5}},{"type":"Feature","geometry":{"type":"LineString","coordinates":[[-77.7263,39.3227],[-77.7215,39.3226]]},"properties":{"gnis_name":"Potomac River","streamorde":8}},{"type":"Feature","geometry":{"type":"LineString","coordinates":[[-77.4541,39.223],[-77.4558,39.2231]]},"properties":{"gnis_name":"Monocacy River","streamorde":7}},{"type":"Feature","geometry":{"type":"LineString","coordinates":[[-78.088,38.9784],[-78.0871,38.9886]]},"properties":{"gnis_name":"Shenandoah River","streamorde":7}},{"type":"Feature","geometry":{"type":"LineString","coordinates":[[-77.7489,39.3748],[-77.7437,39.3668]]},"properties":{"gnis_name":"Potomac River","streamorde":7}},{"type":"Feature","geometry":{"type":"LineString","coordinates":[[-78.3645,39.5118],[-78.3618,39.5104]]},"properties":{"gnis_name":"Cacapon River","streamorde":6}},{"type":"Feature","geometry":{"type":"LineString","coordinates":[[-78.9413,39.1182],[-78.9404,39.1182]]},"properties":{"gnis_name":"South Branch Potomac River","streamorde":6}},{"type":"Feature","geometry":{"type":"LineString","coordinates":[[-78.1562,38.9535],[-78.152,38.9523]]},"properties":{"gnis_name":"Shenandoah River","streamorde":7}},{"type":"Feature","geometry":{"type":"LineString","coordinates":[[-78.796,39.6374],[-78.7958,39.6374]]},"properties":{"gnis_name":"North Branch Potomac River","streamorde":6}},{"type":"Feature","geometry":{"type":"LineString","coordinates":[[-77.3925,39.368],[-77.3933,39.3676]]},"properties":{"gnis_name":"Monocacy River","streamorde":7}},{"type":"Feature","geometry":{"type":"LineString","coordinates":[[-79.3726,39.274],[-79.3647,39.2747]]},"properties":{"gnis_name":"North Branch Potomac River","streamorde":4}},{"type":"Feature","geometry":{"type":"LineString","coordinates":[[-77.1315,38.9525],[-77.1305,38.9504]]},"properties":{"gnis_name":"Potomac River","streamorde":8}},{"type":"Feature","geometry":{"type":"LineString","coordinates":[[-77.7987,39.4407],[-77.8017,39.439]]},"properties":{"gnis_name":"Potomac River","streamorde":7}},{"type":"Feature","geometry":{"type":"LineString","coordinates":[[-77.6341,39.0355],[-77.6315,39.0345]]},"properties":{"gnis_name":"Goose Creek","streamorde":6}},{"type":"Feature","geometry":{"type":"LineString","coordinates":[[-78.8395,39.567],[-78.8207,39.562]]},"properties":{"gnis_name":"North Branch Potomac River","streamorde":6}},{"type":"Feature","geometry":{"type":"LineString","coordinates":[[-77.2152,39.6993],[-77.2152,39.6992]]},"properties":{"gnis_name":"Monocacy River","streamorde":6}},{"type":"Feature","geometry":{"type":"LineString","coordinates":[[-77.5206,39.1571],[-77.5214,39.154]]},"properties":{"gnis_name":"Potomac River","streamorde":8}},{"type":"Feature","geometry":{"type":"LineString","coordinates":[[-77.0357,38.7665],[-77.0352,38.7537]]},"properties":{"gnis_name":"Potomac River","streamorde":8}},{"type":"Feature","geometry":{"type":"LineString","coordinates":[[-79.4863,38.8497],[-79.4768,38.8572]]},"properties":{"gnis_name":"Seneca Creek","streamorde":4}},{"type":"Feature","geometry":{"type":"LineString","coordinates":[[-77.2058,38.9707],[-77.2034,38.9695]]},"properties":{"gnis_name":"Potomac River","streamorde":8}},{"type":"Feature","geometry":{"type":"LineString","coordinates":[[-78.426,39.3727],[-78.4259,39.3727]]},"properties":{"gnis_name":"Cacapon River","streamorde":5}},{"type":"Feature","geometry":{"type":"LineString","coordinates":[[-77.2653,39.6563],[-77.2657,39.6555]]},"properties":{"gnis_name":"Monocacy River","streamorde":6}},{"type":"Feature","geometry":{"type":"LineString","coordinates":[[-77.9427,38.9124],[-77.9299,38.9111]]},"properties":{"gnis_name":"Goose Creek","streamorde":4}},{"type":"Feature","geometry":{"type":"LineString","coordinates":[[-77.7835,39.2689],[-77.785,39.2751]]},"properties":{"gnis_name":"Shenandoah River","streamorde":7}},{"type":"Feature","geometry":{"type":"LineString","coordinates":[[-79.0692,39.4747],[-79.0668,39.4802]]},"properties":{"gnis_name":"North Branch Potomac River","streamorde":5}},{"type":"Feature","geometry":{"type":"LineString","coordinates":[[-77.6185,39.7142],[-77.6197,39.7099]]},"properties":{"gnis_name":"Antietam Creek","streamorde":5}},{"type":"Feature","geometry":{"type":"LineString","coordinates":[[-77.869,39.563],[-77.8747,39.5631]]},"properties":{"gnis_name":"Potomac River","streamorde":7}},{"type":"Feature","geometry":{"type":"LineString","coordinates":[[-78.4213,39.5531],[-78.4283,39.5594]]},"properties":{"gnis_name":"Potomac River","streamorde":7}},{"type":"Feature","geometry":{"type":"LineString","coordinates":[[-77.7099,39.6306],[-77.7098,39.63]]},"properties":{"gnis_name":"Antietam Creek","streamorde":5}},{"type":"Feature","geometry":{"type":"LineString","coordinates":[[-78.2561,39.6392],[-78.2514,39.6444]]},"properties":{"gnis_name":"Potomac River","streamorde":7}},{"type":"Feature","geometry":{"type":"LineString","coordinates":[[-79.0559,39.0053],[-79.0474,38.9963],[-79.0405,38.9981]]},"properties":{"gnis_name":"South Branch Potomac River","streamorde":6}},{"type":"Feature","geometry":{"type":"LineString","coordinates":[[-78.9474,39.1123],[-78.9464,39.1125]]},"properties":{"gnis_name":"South Branch Potomac River","streamorde":6}},{"type":"Feature","geometry":{"type":"LineString","coordinates":[[-78.4259,39.3727],[-78.4253,39.3775]]},"properties":{"gnis_name":"Cacapon River","streamorde":5}},{"type":"Feature","geometry":{"type":"LineString","coordinates":[[-77.2906,39.6047],[-77.2936,39.6034]]},"properties":{"gnis_name":"Monocacy River","streamorde":7}},{"type":"Feature","geometry":{"type":"LineString","coordinates":[[-77.705,39.5848],[-77.7014,39.5834]]},"properties":{"gnis_name":"Antietam Creek","streamorde":5}},{"type":"Feature","geometry":{"type":"LineString","coordinates":[[-78.3731,39.6124],[-78.3844,39.6239]]},"properties":{"gnis_name":"Potomac River","streamorde":7}},{"type":"Feature","geometry":{"type":"LineString","coordinates":[[-77.1957,38.9689],[-77.1942,38.969]]},"properties":{"gnis_name":"Potomac River","streamorde":8}},{"type":"Feature","geometry":{"type":"LineString","coordinates":[[-79.133,38.9941],[-79.1276,38.99]]},"properties":{"gnis_name":"South Branch Potomac River","streamorde":6}},{"type":"Feature","geometry":{"type":"LineString","coordinates":[[-77.8392,39.5645],[-77.8425,39.564]]},"properties":{"gnis_name":"Potomac River","streamorde":7}},{"type":"Feature","geometry":{"type":"LineString","coordinates":[[-77.1552,38.9676],[-77.154,38.9675]]},"properties":{"gnis_name":"Potomac River","streamorde":8}},{"type":"Feature","geometry":{"type":"LineString","coordinates":[[-79.1488,39.4061],[-79.1431,39.4058]]},"properties":{"gnis_name":"North Branch Potomac River","streamorde":5}},{"type":"Feature","geometry":{"type":"LineString","coordinates":[[-77.8149,39.7004],[-77.8109,39.696]]},"properties":{"gnis_name":"Conococheague Creek","streamorde":6}},{"type":"Feature","geometry":{"type":"LineString","coordinates":[[-77.8275,39.6606],[-77.8413,39.6618]]},"properties":{"gnis_name":"Conococheague Creek","streamorde":6}},{"type":"Feature","geometry":{"type":"LineString","coordinates":[[-78.0614,38.9981],[-78.0583,39.0013]]},"properties":{"gnis_name":"Shenandoah River","streamorde":7}},{"type":"Feature","geometry":{"type":"LineString","coordinates":[[-77.458,39.0825],[-77.4307,39.0742]]},"properties":{"gnis_name":"Potomac River","streamorde":8}},{"type":"Feature","geometry":{"type":"LineString","coordinates":[[-78.3489,39.6401],[-78.3474,39.6399]]},"properties":{"gnis_name":"Potomac River","streamorde":7}},{"type":"Feature","geometry":{"type":"LineString","coordinates":[[-78.4298,39.3648],[-78.4324,39.3659]]},"properties":{"gnis_name":"Cacapon River","streamorde":5}},{"type":"Feature","geometry":{"type":"LineString","coordinates":[[-78.4791,39.5185],[-78.4649,39.5195]]},"properties":{"gnis_name":"Potomac River","streamorde":7}},{"type":"Feature","geometry":{"type":"LineString","coordinates":[[-77.2163,39.6974],[-77.2263,39.6939]]},"properties":{"gnis_name":"Monocacy River","streamorde":6}},{"type":"Feature","geometry":{"type":"LineString","coordinates":[[-77.3374,39.1318],[-77.3359,39.1286]]},"properties":{"gnis_name":"Seneca Creek","streamorde":4}},{"type":"Feature","geometry":{"type":"LineString","coordinates":[[-77.3781,39.0647],[-77.375,39.0633]]},"properties":{"gnis_name":"Potomac River","streamorde":8}},{"type":"Feature","geometry":{"type":"LineString","coordinates":[[-77.8269,39.4946],[-77.8248,39.4942]]},"properties":{"gnis_name":"Potomac River","streamorde":7}},{"type":"Feature","geometry":{"type":"LineString","coordinates":[[-77.8344,38.9609],[-77.8323,38.9622]]},"properties":{"gnis_name":"Goose Creek","streamorde":5}},{"type":"Feature","geometry":{"type":"LineString","coordinates":[[-78.9229,39.1476],[-78.9112,39.1574]]},"properties":{"gnis_name":"South Branch Potomac River","streamorde":6}},{"type":"Feature","geometry":{"type":"LineString","coordinates":[[-79.1065,38.991],[-79.1046,38.9938]]},"properties":{"gnis_name":"South Branch Potomac River","streamorde":6}},{"type":"Feature","geometry":{"type":"LineString","coordinates":[[-78.4007,39.5809],[-78.3993,39.5815]]},"properties":{"gnis_name":"Potomac River","streamorde":7}},{"type":"Feature","geometry":{"type":"LineString","coordinates":[[-77.374,39.4589],[-77.3732,39.4579]]},"properties":{"gnis_name":"Monocacy River","streamorde":7}},{"type":"Feature","geometry":{"type":"LineString","coordinates":[[-78.8207,39.562],[-78.8155,39.5637],[-78.8149,39.5698]]},"properties":{"gnis_name":"North Branch Potomac River","streamorde":6}},{"type":"Feature","geometry":{"type":"LineString","coordinates":[[-78.7053,39.4227],[-78.6919,39.4153]]},"properties":{"gnis_name":"South Branch Potomac River","streamorde":6}},{"type":"Feature","geometry":{"type":"LineString","coordinates":[[-79.4223,38.5671],[-79.4208,38.5685]]},"properties":{"gnis_name":"South Branch Potomac River","streamorde":5}},{"type":"Feature","geometry":{"type":"LineString","coordinates":[[-79.4383,38.8594],[-79.4343,38.858]]},"properties":{"gnis_name":"Seneca Creek","streamorde":5}},{"type":"Feature","geometry":{"type":"LineString","coordinates":[[-77.8289,39.6265],[-77.8192,39.6272]]},"properties":{"gnis_name":"Conococheague Creek","streamorde":6}},{"type":"Feature","geometry":{"type":"LineString","coordinates":[[-78.7742,39.5983],[-78.7738,39.5974]]},"properties":{"gnis_name":"North Branch Potomac River","streamorde":6}},{"type":"Feature","geometry":{"type":"LineString","coordinates":[[-77.7882,39.7584],[-77.7952,39.7575]]},"properties":{"gnis_name":"Conococheague Creek","streamorde":5}},{"type":"Feature","geometry":{"type":"LineString","coordinates":[[-79.274,38.7957],[-79.2742,38.7972]]},"properties":{"gnis_name":"South Branch Potomac River","streamorde":5}},{"type":"Feature","geometry":{"type":"LineString","coordinates":[[-77.3825,39.5033],[-77.3914,39.5055]]},"properties":{"gnis_name":"Monocacy River","streamorde":7}},{"type":"Feature","geometry":{"type":"LineString","coordinates":[[-77.7076,39.5296],[-77.7128,39.5284],[-77.7018,39.5214]]},"properties":{"gnis_name":"Antietam Creek","streamorde":5}},{"type":"Feature","geometry":{"type":"LineString","coordinates":[[-77.6088,39.3043],[-77.5852,39.3044]]},"properties":{"gnis_name":"Potomac River","streamorde":8}},{"type":"Feature","geometry":{"type":"LineString","coordinates":[[-77.7497,38.9953],[-77.7454,38.9964]]},"properties":{"gnis_name":"Goose Creek","streamorde":5}},{"type":"Feature","geometry":{"type":"LineString","coordinates":[[-77.364,39.4117],[-77.3658,39.4074]]},"properties":{"gnis_name":"Monocacy River","streamorde":7}},{"type":"Feature","geometry":{"type":"LineString","coordinates":[[-78.797,39.6323],[-78.796,39.6374]]},"properties":{"gnis_name":"North Branch Potomac River","streamorde":6}},{"type":"Feature","geometry":{"type":"LineString","coordinates":[[-79.1914,39.388],[-79.1789,39.3887]]},"properties":{"gnis_name":"North Branch Potomac River","streamorde":5}},{"type":"Feature","geometry":{"type":"LineString","coordinates":[[-79.1214,39.4331],[-79.117,39.4319]]},"properties":{"gnis_name":"North Branch Potomac River","streamorde":5}},{"type":"Feature","geometry":{"type":"LineString","coordinates":[[-77.9715,38.9077],[-77.967,38.9096]]},"properties":{"gnis_name":"Goose Creek","streamorde":4}},{"type":"Feature","geometry":{"type":"LineString","coordinates":[[-77.61,39.7149],[-77.6185,39.7142]]},"properties":{"gnis_name":"Antietam Creek","streamorde":5}},{"type":"Feature","geometry":{"type":"LineString","coordinates":[[-77.9923,38.9053],[-77.9861,38.9051]]},"properties":{"gnis_name":"Goose Creek","streamorde":4}},{"type":"Feature","geometry":{"type":"LineString","coordinates":[[-77.4772,39.101],[-77.4752,39.1018]]},"properties":{"gnis_name":"Goose Creek","streamorde":6}},{"type":"Feature","geometry":{"type":"LineString","coordinates":[[-78.7382,39.3929],[-78.7373,39.3951]]},"properties":{"gnis_name":"South Branch Potomac River","streamorde":6}},{"type":"Feature","geometry":{"type":"LineString","coordinates":[[-77.7796,38.9803],[-77.7698,38.9832]]},"properties":{"gnis_name":"Goose Creek","streamorde":5}},{"type":"Feature","geometry":{"type":"LineString","coordinates":[[-77.9992,39.0413],[-77.9963,39.0436]]},"properties":{"gnis_name":"Shenandoah River","streamorde":7}},{"type":"Feature","geometry":{"type":"LineString","coordinates":[[-79.0081,39.0152],[-79.0081,39.0155]]},"properties":{"gnis_name":"South Branch Potomac River","streamorde":6}},{"type":"Feature","geometry":{"type":"LineString","coordinates":[[-78.0496,39.6457],[-78.0453,39.6422]]},"properties":{"gnis_name":"Potomac River","streamorde":7}},{"type":"Feature","geometry":{"type":"LineString","coordinates":[[-77.4329,39.2617],[-77.4307,39.2598]]},"properties":{"gnis_name":"Monocacy River","streamorde":7}},{"type":"Feature","geometry":{"type":"LineString","coordinates":[[-78.1342,39.6883],[-78.1302,39.6872]]},"properties":{"gnis_name":"Potomac River","streamorde":7}},{"type":"Feature","geometry":{"type":"LineString","coordinates":[[-77.8416,39.6421],[-77.8458,39.6389],[-77.8383,39.6333]]},"properties":{"gnis_name":"Conococheague Creek","streamorde":6}},{"type":"Feature","geometry":{"type":"LineString","coordinates":[[-77.9723,39.6034],[-77.9705,39.6056]]},"properties":{"gnis_name":"Potomac River","streamorde":7}},{"type":"Feature","geometry":{"type":"LineString","coordinates":[[-78.3757,39.4939],[-78.3836,39.5052]]},"properties":{"gnis_name":"Cacapon River","streamorde":6}},{"type":"Feature","geometry":{"type":"LineString","coordinates":[[-77.8763,39.1344],[-77.8713,39.1382]]},"properties":{"gnis_name":"Shenandoah River","streamorde":7}},{"type":"Feature","geometry":{"type":"LineString","coordinates":[[-77.9002,39.1104],[-77.8988,39.1125]]},"properties":{"gnis_name":"Shenandoah River","streamorde":7}},{"type":"Feature","geometry":{"type":"LineString","coordinates":[[-78.4501,39.2303],[-78.4455,39.2356],[-78.454,39.2396]]},"properties":{"gnis_name":"Cacapon River","streamorde":5}},{"type":"Feature","geometry":{"type":"LineString","coordinates":[[-77.0583,38.8929],[-77.0578,38.8891]]},"properties":{"gnis_name":"Potomac River","streamorde":8}},{"type":"Feature","geometry":{"type":"LineString","coordinates":[[-77.7951,39.7416],[-77.8078,39.7376]]},"properties":{"gnis_name":"Conococheague Creek","streamorde":6}},{"type":"Feature","geometry":{"type":"LineString","coordinates":[[-77.3632,39.4246],[-77.364,39.4117]]},"properties":{"gnis_name":"Monocacy River","streamorde":7}},{"type":"Feature","geometry":{"type":"LineString","coordinates":[[-77.8281,39.6013],[-77.8295,39.6009]]},"properties":{"gnis_name":"Conococheague Creek","streamorde":6}},{"type":"Feature","geometry":{"type":"LineString","coordinates":[[-77.3874,39.482],[-77.388,39.4803]]},"properties":{"gnis_name":"Monocacy River","streamorde":7}},{"type":"Feature","geometry":{"type":"LineString","coordinates":[[-78.1252,38.959],[-78.1228,38.9583]]},"properties":{"gnis_name":"Shenandoah River","streamorde":7}},{"type":"Feature","geometry":{"type":"LineString","coordinates":[[-79.2203,38.9564],[-79.2152,38.9658]]},"properties":{"gnis_name":"South Branch Potomac River","streamorde":5}},{"type":"Feature","geometry":{"type":"LineString","coordinates":[[-78.2171,39.6769],[-78.2091,39.6767]]},"properties":{"gnis_name":"Potomac River","streamorde":7}},{"type":"Feature","geometry":{"type":"LineString","coordinates":[[-77.5,39.0942],[-77.4976,39.0963]]},"properties":{"gnis_name":"Goose Creek","streamorde":6}},{"type":"Feature","geometry":{"type":"LineString","coordinates":[[-79.2283,38.9355],[-79.2303,38.9426]]},"properties":{"gnis_name":"South Branch Potomac River","streamorde":5}},{"type":"Feature","geometry":{"type":"LineString","coordinates":[[-77.4644,39.0877],[-77.458,39.0825]]},"properties":{"gnis_name":"Potomac River","streamorde":8}},{"type":"Feature","geometry":{"type":"LineString","coordinates":[[-78.4369,39.2904],[-78.4363,39.2903]]},"properties":{"gnis_name":"Cacapon River","streamorde":5}},{"type":"Feature","geometry":{"type":"LineString","coordinates":[[-77.6517,39.0305],[-77.6481,39.0381]]},"properties":{"gnis_name":"Goose Creek","streamorde":5}},{"type":"Feature","geometry":{"type":"LineString","coordinates":[[-78.4321,39.34],[-78.4322,39.3401]]},"properties":{"gnis_name":"Cacapon River","streamorde":5}},{"type":"Feature","geometry":{"type":"LineString","coordinates":[[-79.209,38.9811],[-79.2008,38.9863]]},"properties":{"gnis_name":"South Branch Potomac River","streamorde":5}},{"type":"Feature","geometry":{"type":"LineString","coordinates":[[-77.2152,39.6992],[-77.2155,39.6987]]},"properties":{"gnis_name":"Monocacy River","streamorde":6}},{"type":"Feature","geometry":{"type":"LineString","coordinates":[[-77.707,39.5885],[-77.705,39.5848]]},"properties":{"gnis_name":"Antietam Creek","streamorde":5}},{"type":"Feature","geometry":{"type":"LineString","coordinates":[[-78.7713,39.6056],[-78.7742,39.5983]]},"properties":{"gnis_name":"North Branch Potomac River","streamorde":6}},{"type":"Feature","geometry":{"type":"LineString","coordinates":[[-78.599,39.5348],[-78.5905,39.5369]]},"properties":{"gnis_name":"North Branch Potomac River","streamorde":6}},{"type":"Feature","geometry":{"type":"LineString","coordinates":[[-78.3997,39.4296],[-78.4035,39.4322]]},"properties":{"gnis_name":"Cacapon River","streamorde":6}},{"type":"Feature","geometry":{"type":"LineString","coordinates":[[-77.5064,39.1806],[-77.5162,39.1686]]},"properties":{"gnis_name":"Potomac River","streamorde":8}},{"type":"Feature","geometry":{"type":"LineString","coordinates":[[-77.8578,39.1703],[-77.8589,39.178],[-77.8509,39.1836]]},"properties":{"gnis_name":"Shenandoah River","streamorde":7}},{"type":"Feature","geometry":{"type":"LineString","coordinates":[[-77.2014,38.969],[-77.2008,38.9689]]},"properties":{"gnis_name":"Potomac River","streamorde":8}},{"type":"Feature","geometry":{"type":"LineString","coordinates":[[-77.7104,39.539],[-77.7107,39.5374]]},"properties":{"gnis_name":"Antietam Creek","streamorde":5}},{"type":"Feature","geometry":{"type":"LineString","coordinates":[[-78.3998,39.4532],[-78.3996,39.4531]]},"properties":{"gnis_name":"Cacapon River","streamorde":6}},{"type":"Feature","geometry":{"type":"LineString","coordinates":[[-78.4553,39.2513],[-78.4573,39.257]]},"properties":{"gnis_name":"Cacapon River","streamorde":5}},{"type":"Feature","geometry":{"type":"LineString","coordinates":[[-77.8639,39.5633],[-77.8652,39.563]]},"properties":{"gnis_name":"Potomac River","streamorde":7}},{"type":"Feature","geometry":{"type":"LineString","coordinates":[[-78.4143,39.4212],[-78.4245,39.4303],[-78.4153,39.4303]]},"properties":{"gnis_name":"Cacapon River","streamorde":6}},{"type":"Feature","geometry":{"type":"LineString","coordinates":[[-78.4026,39.437],[-78.4004,39.4362]]},"properties":{"gnis_name":"Cacapon River","streamorde":6}},{"type":"Feature","geometry":{"type":"LineString","coordinates":[[-77.3333,39.0899],[-77.3295,39.0913]]},"properties":{"gnis_name":"Seneca Creek","streamorde":5}},{"type":"Feature","geometry":{"type":"LineString","coordinates":[[-78.5568,39.1184],[-78.557,39.122]]},"properties":{"gnis_name":"Cacapon River","streamorde":5}},{"type":"Feature","geometry":{"type":"LineString","coordinates":[[-78.7738,39.5974],[-78.7648,39.5861]]},"properties":{"gnis_name":"North Branch Potomac River","streamorde":6}},{"type":"Feature","geometry":{"type":"LineString","coordinates":[[-78.4303,39.3013],[-78.4299,39.3035]]},"properties":{"gnis_name":"Cacapon River","streamorde":5}},{"type":"Feature","geometry":{"type":"LineString","coordinates":[[-77.7822,39.7768],[-77.7819,39.7737]]},"properties":{"gnis_name":"Conococheague Creek","streamorde":5}},{"type":"Feature","geometry":{"type":"LineString","coordinates":[[-77.2151,38.5848],[-77.2208,38.5749]]},"properties":{"gnis_name":"Potomac River","streamorde":8}},{"type":"Feature","geometry":{"type":"LineString","coordinates":[[-77.5875,39.0182],[-77.5815,39.0196]]},"properties":{"gnis_name":"Goose Creek","streamorde":6}},{"type":"Feature","geometry":{"type":"LineString","coordinates":[[-77.0347,38.7384],[-77.0382,38.7147]]},"properties":{"gnis_name":"Potomac River","streamorde":8}},{"type":"Feature","geometry":{"type":"LineString","coordinates":[[-77.0762,38.9031],[-77.0743,38.9028]]},"properties":{"gnis_name":"Potomac River","streamorde":8}},{"type":"Feature","geometry":{"type":"LineString","coordinates":[[-79.3647,39.2747],[-79.3545,39.2777]]},"properties":{"gnis_name":"North Branch Potomac River","streamorde":4}},{"type":"Feature","geometry":{"type":"LineString","coordinates":[[-79.0271,39.4652],[-79.0182,39.4679]]},"properties":{"gnis_name":"North Branch Potomac River","streamorde":6}},{"type":"Feature","geometry":{"type":"LineString","coordinates":[[-77.8988,39.1125],[-77.8969,39.1168]]},"properties":{"gnis_name":"Shenandoah River","streamorde":7}},{"type":"Feature","geometry":{"type":"LineString","coordinates":[[-77.0927,38.9068],[-77.0909,38.906]]},"properties":{"gnis_name":"Potomac River","streamorde":8}},{"type":"Feature","geometry":{"type":"LineString","coordinates":[[-77.0708,38.9022],[-77.0676,38.9016]]},"properties":{"gnis_name":"Potomac River","streamorde":8}},{"type":"Feature","geometry":{"type":"LineString","coordinates":[[-77.7624,39.7992],[-77.7541,39.7917]]},"properties":{"gnis_name":"Conococheague Creek","streamorde":5}},{"type":"Feature","geometry":{"type":"LineString","coordinates":[[-77.9963,39.0436],[-77.9945,39.0453]]},"properties":{"gnis_name":"Shenandoah River","streamorde":7}},{"type":"Feature","geometry":{"type":"LineString","coordinates":[[-77.1282,38.9464],[-77.1277,38.9439]]},"properties":{"gnis_name":"Potomac River","streamorde":8}},{"type":"Feature","geometry":{"type":"LineString","coordinates":[[-78.9901,39.4527],[-78.9898,39.4524]]},"properties":{"gnis_name":"North Branch Potomac River","streamorde":6}},{"type":"Feature","geometry":{"type":"LineString","coordinates":[[-78.3892,39.6117],[-78.3782,39.6086]]},"properties":{"gnis_name":"Potomac River","streamorde":7}},{"type":"Feature","geometry":{"type":"LineString","coordinates":[[-77.8444,39.4987],[-77.8269,39.4946]]},"properties":{"gnis_name":"Potomac River","streamorde":7}},{"type":"Feature","geometry":{"type":"LineString","coordinates":[[-77.8186,39.7024],[-77.8149,39.7004]]},"properties":{"gnis_name":"Conococheague Creek","streamorde":6}},{"type":"Feature","geometry":{"type":"LineString","coordinates":[[-77.771,39.2992],[-77.7648,39.3062]]},"properties":{"gnis_name":"Shenandoah River","streamorde":7}},{"type":"Feature","geometry":{"type":"LineString","coordinates":[[-77.4702,39.2099],[-77.4725,39.2071]]},"properties":{"gnis_name":"Potomac River","streamorde":8}},{"type":"Feature","geometry":{"type":"LineString","coordinates":[[-77.1162,38.6847],[-77.1161,38.6812]]},"properties":{"gnis_name":"Potomac River","streamorde":8}},{"type":"Feature","geometry":{"type":"LineString","coordinates":[[-78.9563,39.4473],[-78.9572,39.4481]]},"properties":{"gnis_name":"North Branch Potomac River","streamorde":6}},{"type":"Feature","geometry":{"type":"LineString","coordinates":[[-79.2147,39.3635],[-79.2134,39.3682]]},"properties":{"gnis_name":"North Branch Potomac River","streamorde":5}},{"type":"Feature","geometry":{"type":"LineString","coordinates":[[-77.5546,39.2854],[-77.5448,39.2732]]},"properties":{"gnis_name":"Potomac River","streamorde":8}},{"type":"Feature","geometry":{"type":"LineString","coordinates":[[-77.8805,38.9251],[-77.879,38.9285]]},"properties":{"gnis_name":"Goose Creek","streamorde":5}},{"type":"Feature","geometry":{"type":"LineString","coordinates":[[-78.7893,39.3213],[-78.7883,39.323]]},"properties":{"gnis_name":"South Branch Potomac River","streamorde":6}},{"type":"Feature","geometry":{"type":"LineString","coordinates":[[-77.7856,38.9825],[-77.7853,38.9819]]},"properties":{"gnis_name":"Goose Creek","streamorde":5}},{"type":"Feature","geometry":{"type":"LineString","coordinates":[[-78.385,39.4813],[-78.3925,39.4929]]},"properties":{"gnis_name":"Cacapon River","streamorde":6}},{"type":"Feature","geometry":{"type":"LineString","coordinates":[[-77.4371,39.2954],[-77.4375,39.2934]]},"properties":{"gnis_name":"Monocacy River","streamorde":7}},{"type":"Feature","geometry":{"type":"LineString","coordinates":[[-78.4552,39.5739],[-78.4582,39.5787]]},"properties":{"gnis_name":"Potomac River","streamorde":7}},{"type":"Feature","geometry":{"type":"LineString","coordinates":[[-77.1403,38.9609],[-77.1373,38.9584]]},"properties":{"gnis_name":"Potomac River","streamorde":8}},{"type":"Feature","geometry":{"type":"LineString","coordinates":[[-77.4739,39.1941],[-77.4764,39.1898]]},"properties":{"gnis_name":"Potomac River","streamorde":8}},{"type":"Feature","geometry":{"type":"LineString","coordinates":[[-79.2156,39.3637],[-79.2147,39.3635]]},"properties":{"gnis_name":"North Branch Potomac River","streamorde":5}},{"type":"Feature","geometry":{"type":"LineString","coordinates":[[-79.3661,38.5977],[-79.3556,38.6069]]},"properties":{"gnis_name":"South Branch Potomac River","streamorde":5}},{"type":"Feature","geometry":{"type":"LineString","coordinates":[[-77.7879,39.4961],[-77.7764,39.4998]]},"properties":{"gnis_name":"Potomac River","streamorde":7}},{"type":"Feature","geometry":{"type":"LineString","coordinates":[[-78.8149,39.5698],[-78.82,39.5742]]},"properties":{"gnis_name":"North Branch Potomac River","streamorde":6}},{"type":"Feature","geometry":{"type":"LineString","coordinates":[[-77.741,39.4047],[-77.735,39.3872]]},"properties":{"gnis_name":"Potomac River","streamorde":7}},{"type":"Feature","geometry":{"type":"LineString","coordinates":[[-77.5108,39.085],[-77.507,39.0888]]},"properties":{"gnis_name":"Goose Creek","streamorde":6}},{"type":"Feature","geometry":{"type":"LineString","coordinates":[[-79.4222,38.8469],[-79.4201,38.8417]]},"properties":{"gnis_name":"Seneca Creek","streamorde":5}},{"type":"Feature","geometry":{"type":"LineString","coordinates":[[-79.2957,38.8239],[-79.2936,38.8263]]},"properties":{"gnis_name":"South Branch Potomac River","streamorde":5}},{"type":"Feature","geometry":{"type":"LineString","coordinates":[[-79.2678,38.7856],[-79.2674,38.7882]]},"properties":{"gnis_name":"South Branch Potomac River","streamorde":5}},{"type":"Feature","geometry":{"type":"LineString","coordinates":[[-79.3455,39.2939],[-79.3255,39.3009]]},"properties":{"gnis_name":"North Branch Potomac River","streamorde":4}},{"type":"Feature","geometry":{"type":"LineString","coordinates":[[-77.4496,39.2377],[-77.4507,39.2366]]},"properties":{"gnis_name":"Monocacy River","streamorde":7}},{"type":"Feature","geometry":{"type":"LineString","coordinates":[[-79.4526,39.2113],[-79.434,39.2228]]},"properties":{"gnis_name":"North Branch Potomac River","streamorde":3}},{"type":"Feature","geometry":{"type":"LineString","coordinates":[[-77.8162,39.6209],[-77.8187,39.6178],[-77.8287,39.6241],[-77.8189,39.6107]]},"properties":{"gnis_name":"Conococheague Creek","streamorde":6}},{"type":"Feature","geometry":{"type":"LineString","coordinates":[[-77.4725,39.2071],[-77.4733,39.2047]]},"properties":{"gnis_name":"Potomac River","streamorde":8}},{"type":"Feature","geometry":{"type":"LineString","coordinates":[[-77.3647,39.444],[-77.3768,39.4433]]},"properties":{"gnis_name":"Monocacy River","streamorde":7}},{"type":"Feature","geometry":{"type":"LineString","coordinates":[[-78.4246,39.4584],[-78.417,39.4613],[-78.402,39.4546]]},"properties":{"gnis_name":"Cacapon River","streamorde":6}},{"type":"Feature","geometry":{"type":"LineString","coordinates":[[-79.2784,38.7555],[-79.2758,38.7638]]},"properties":{"gnis_name":"South Branch Potomac River","streamorde":5}},{"type":"Feature","geometry":{"type":"LineString","coordinates":[[-78.3012,39.6274],[-78.2924,39.6239]]},"properties":{"gnis_name":"Potomac River","streamorde":7}},{"type":"Feature","geometry":{"type":"LineString","coordinates":[[-77.6239,39.3066],[-77.6229,39.3063]]},"properties":{"gnis_name":"Potomac River","streamorde":8}},{"type":"Feature","geometry":{"type":"LineString","coordinates":[[-77.8705,38.9377],[-77.8623,38.9409]]},"properties":{"gnis_name":"Goose Creek","streamorde":5}},{"type":"Feature","geometry":{"type":"LineString","coordinates":[[-78.0129,39.361],[-78.0127,39.3608]]},"properties":{"gnis_name":"Goose Creek","streamorde":2}},{"type":"Feature","geometry":{"type":"LineString","coordinates":[[-77.4485,39.2317],[-77.4469,39.228],[-77.4541,39.223]]},"properties":{"gnis_name":"Monocacy River","streamorde":7}},{"type":"Feature","geometry":{"type":"LineString","coordinates":[[-77.7497,39.3478],[-77.7503,39.3478]]},"properties":{"gnis_name":"Potomac River","streamorde":7}},{"type":"Feature","geometry":{"type":"LineString","coordinates":[[-77.8265,39.6015],[-77.828,39.6014]]},"properties":{"gnis_name":"Conococheague Creek","streamorde":6}},{"type":"Feature","geometry":{"type":"LineString","coordinates":[[-78.9392,39.1189],[-78.9343,39.122]]},"properties":{"gnis_name":"South Branch Potomac River","streamorde":6}},{"type":"Feature","geometry":{"type":"LineString","coordinates":[[-78.6187,39.0794],[-78.6181,39.0798]]},"properties":{"gnis_name":"Cacapon River","streamorde":5}},{"type":"Feature","geometry":{"type":"LineString","coordinates":[[-77.4138,39.0708],[-77.3781,39.0647]]},"properties":{"gnis_name":"Potomac River","streamorde":8}},{"type":"Feature","geometry":{"type":"LineString","coordinates":[[-77.8653,39.5246],[-77.863,39.5161]]},"properties":{"gnis_name":"Potomac River","streamorde":7}},{"type":"Feature","geometry":{"type":"LineString","coordinates":[[-78.0127,39.3608],[-78.0091,39.3605]]},"properties":{"gnis_name":"Goose Creek","streamorde":2}},{"type":"Feature","geometry":{"type":"LineString","coordinates":[[-78.457,39.2616],[-78.4498,39.2664]]},"properties":{"gnis_name":"Cacapon River","streamorde":5}},{"type":"Feature","geometry":{"type":"LineString","coordinates":[[-78.5887,39.4977],[-78.5947,39.4989]]},"properties":{"gnis_name":"South Branch Potomac River","streamorde":6}},{"type":"Feature","geometry":{"type":"LineString","coordinates":[[-77.0801,38.9038],[-77.0787,38.9035]]},"properties":{"gnis_name":"Potomac River","streamorde":8}},{"type":"Feature","geometry":{"type":"LineString","coordinates":[[-79.4292,38.5616],[-79.4223,38.5671]]},"properties":{"gnis_name":"South Branch Potomac River","streamorde":5}},{"type":"Feature","geometry":{"type":"LineString","coordinates":[[-77.7067,39.631],[-77.7099,39.6306]]},"properties":{"gnis_name":"Antietam Creek","streamorde":5}},{"type":"Feature","geometry":{"type":"LineString","coordinates":[[-79.4485,38.863],[-79.4446,38.8608]]},"properties":{"gnis_name":"Seneca Creek","streamorde":5}},{"type":"Feature","geometry":{"type":"LineString","coordinates":[[-77.248,38.9917],[-77.245,38.9837]]},"properties":{"gnis_name":"Potomac River","streamorde":8}},{"type":"Feature","geometry":{"type":"LineString","coordinates":[[-79.0086,39.0221],[-79.0065,39.0311],[-79.0016,39.0309]]},"properties":{"gnis_name":"South Branch Potomac River","streamorde":6}},{"type":"Feature","geometry":{"type":"LineString","coordinates":[[-79.4671,38.5253],[-79.4634,38.5278]]},"properties":{"gnis_name":"South Branch Potomac River","streamorde":5}},{"type":"Feature","geometry":{"type":"LineString","coordinates":[[-77.3774,39.5089],[-77.3772,39.5072]]},"properties":{"gnis_name":"Monocacy River","streamorde":7}},{"type":"Feature","geometry":{"type":"LineString","coordinates":[[-78.071,38.9925],[-78.0614,38.9981]]},"properties":{"gnis_name":"Shenandoah River","streamorde":7}},{"type":"Feature","geometry":{"type":"LineString","coordinates":[[-79.4627,38.5287],[-79.462,38.5294]]},"properties":{"gnis_name":"South Branch Potomac River","streamorde":5}},{"type":"Feature","geometry":{"type":"LineString","coordinates":[[-77.4352,39.2453],[-77.4359,39.245]]},"properties":{"gnis_name":"Monocacy River","streamorde":7}},{"type":"Feature","geometry":{"type":"LineString","coordinates":[[-78.3315,39.542],[-78.3313,39.543]]},"properties":{"gnis_name":"Cacapon River","streamorde":6}},{"type":"Feature","geometry":{"type":"LineString","coordinates":[[-77.7541,39.7917],[-77.7525,39.7905]]},"properties":{"gnis_name":"Conococheague Creek","streamorde":5}},{"type":"Feature","geometry":{"type":"LineString","coordinates":[[-78.7502,39.609],[-78.7505,39.6092]]},"properties":{"gnis_name":"North Branch Potomac River","streamorde":6}},{"type":"Feature","geometry":{"type":"LineString","coordinates":[[-78.3331,39.537],[-78.3306,39.5392]]},"properties":{"gnis_name":"Cacapon River","streamorde":6}},{"type":"Feature","geometry":{"type":"LineString","coordinates":[[-78.4565,39.2401],[-78.4568,39.2403]]},"properties":{"gnis_name":"Cacapon River","streamorde":5}},{"type":"Feature","geometry":{"type":"LineString","coordinates":[[-77.9861,38.9051],[-77.9854,38.9053]]},"properties":{"gnis_name":"Goose Creek","streamorde":4}},{"type":"Feature","geometry":{"type":"LineString","coordinates":[[-77.3771,39.4433],[-77.3795,39.4434]]},"properties":{"gnis_name":"Monocacy River","streamorde":7}},{"type":"Feature","geometry":{"type":"LineString","coordinates":[[-77.5338,39.263],[-77.5271,39.2611]]},"properties":{"gnis_name":"Potomac River","streamorde":8}},{"type":"Feature","geometry":{"type":"LineString","coordinates":[[-79.2791,38.8589],[-79.2793,38.8663],[-79.2706,38.8668],[-79.267,38.8742]]},"properties":{"gnis_name":"South Branch Potomac River","streamorde":5}},{"type":"Feature","geometry":{"type":"LineString","coordinates":[[-77.1411,38.9617],[-77.1403,38.9609]]},"properties":{"gnis_name":"Potomac River","streamorde":8}},{"type":"Feature","geometry":{"type":"LineString","coordinates":[[-79.5007,38.8303],[-79.4881,38.8443]]},"properties":{"gnis_name":"Seneca Creek","streamorde":3}},{"type":"Feature","geometry":{"type":"LineString","coordinates":[[-78.3738,39.5032],[-78.3703,39.5013]]},"properties":{"gnis_name":"Cacapon River","streamorde":6}},{"type":"Feature","geometry":{"type":"LineString","coordinates":[[-79.0083,39.0195],[-79.0084,39.0196]]},"properties":{"gnis_name":"South Branch Potomac River","streamorde":6}},{"type":"Feature","geometry":{"type":"LineString","coordinates":[[-78.9564,39.4643],[-78.9427,39.4698],[-78.9389,39.4748],[-78.9422,39.4785]]},"properties":{"gnis_name":"North Branch Potomac River","streamorde":6}},{"type":"Feature","geometry":{"type":"LineString","coordinates":[[-78.6108,39.0788],[-78.6096,39.0785]]},"properties":{"gnis_name":"Cacapon River","streamorde":5}},{"type":"Feature","geometry":{"type":"LineString","coordinates":[[-77.9496,38.9137],[-77.9427,38.9124]]},"properties":{"gnis_name":"Goose Creek","streamorde":4}},{"type":"Feature","geometry":{"type":"LineString","coordinates":[[-77.6917,39.5687],[-77.6968,39.5682],[-77.6936,39.5633],[-77.7015,39.5621],[-77.6959,39.5579],[-77.7037,39.5567],[-77.7026,39.5489],[-77.7089,39.5516]]},"properties":{"gnis_name":"Antietam Creek","streamorde":5}},{"type":"Feature","geometry":{"type":"LineString","coordinates":[[-77.2735,38.5249],[-77.2748,38.5206]]},"properties":{"gnis_name":"Potomac River","streamorde":8}},{"type":"Feature","geometry":{"type":"LineString","coordinates":[[-79.2846,38.8481],[-79.2788,38.8581]]},"properties":{"gnis_name":"South Branch Potomac River","streamorde":5}},{"type":"Feature","geometry":{"type":"LineString","coordinates":[[-79.2788,38.8581],[-79.2791,38.8589]]},"properties":{"gnis_name":"South Branch Potomac River","streamorde":5}},{"type":"Feature","geometry":{"type":"LineString","coordinates":[[-79.267,38.8742],[-79.2631,38.8764]]},"properties":{"gnis_name":"South Branch Potomac River","streamorde":5}},{"type":"Feature","geometry":{"type":"LineString","coordinates":[[-77.2802,38.5124],[-77.2883,38.4918]]},"properties":{"gnis_name":"Potomac River","streamorde":8}},{"type":"Feature","geometry":{"type":"LineString","coordinates":[[-78.3313,39.543],[-78.3329,39.5459]]},"properties":{"gnis_name":"Cacapon River","streamorde":6}},{"type":"Feature","geometry":{"type":"LineString","coordinates":[[-77.6896,39.014],[-77.6841,39.0135]]},"properties":{"gnis_name":"Goose Creek","streamorde":5}},{"type":"Feature","geometry":{"type":"LineString","coordinates":[[-77.2255,38.9752],[-77.2243,38.9737]]},"properties":{"gnis_name":"Potomac River","streamorde":8}},{"type":"Feature","geometry":{"type":"LineString","coordinates":[[-77.8947,39.1211],[-77.893,39.123]]},"properties":{"gnis_name":"Shenandoah River","streamorde":7}},{"type":"Feature","geometry":{"type":"LineString","coordinates":[[-77.7069,39.5485],[-77.7104,39.539]]},"properties":{"gnis_name":"Antietam Creek","streamorde":5}},{"type":"Feature","geometry":{"type":"LineString","coordinates":[[-77.5,39.1157],[-77.4951,39.1147]]},"properties":{"gnis_name":"Potomac River","streamorde":8}},{"type":"Feature","geometry":{"type":"LineString","coordinates":[[-78.557,39.122],[-78.5573,39.1241]]},"properties":{"gnis_name":"Cacapon River","streamorde":5}},{"type":"Feature","geometry":{"type":"LineString","coordinates":[[-79.1944,39.3889],[-79.1914,39.388]]},"properties":{"gnis_name":"North Branch Potomac River","streamorde":5}},{"type":"Feature","geometry":{"type":"LineString","coordinates":[[-79.4906,38.8182],[-79.494,38.8225]]},"properties":{"gnis_name":"Seneca Creek","streamorde":2}},{"type":"Feature","geometry":{"type":"LineString","coordinates":[[-78.4018,39.4545],[-78.3998,39.4532]]},"properties":{"gnis_name":"Cacapon River","streamorde":6}},{"type":"Feature","geometry":{"type":"LineString","coordinates":[[-78.5548,39.1172],[-78.5568,39.1184]]},"properties":{"gnis_name":"Cacapon River","streamorde":5}},{"type":"Feature","geometry":{"type":"LineString","coordinates":[[-78.1077,39.6827],[-78.0994,39.6805]]},"properties":{"gnis_name":"Potomac River","streamorde":7}},{"type":"Feature","geometry":{"type":"LineString","coordinates":[[-77.3426,39.1039],[-77.341,39.0946]]},"properties":{"gnis_name":"Seneca Creek","streamorde":5}},{"type":"Feature","geometry":{"type":"LineString","coordinates":[[-79.3255,39.3009],[-79.3253,39.301]]},"properties":{"gnis_name":"North Branch Potomac River","streamorde":4}},{"type":"Feature","geometry":{"type":"LineString","coordinates":[[-77.4605,39.2166],[-77.4658,39.2132]]},"properties":{"gnis_name":"Potomac River","streamorde":8}},{"type":"Feature","geometry":{"type":"LineString","coordinates":[[-77.5299,39.046],[-77.5263,39.0559]]},"properties":{"gnis_name":"Goose Creek","streamorde":6}},{"type":"Feature","geometry":{"type":"LineString","coordinates":[[-78.4086,39.4811],[-78.4096,39.4817]]},"properties":{"gnis_name":"Cacapon River","streamorde":6}},{"type":"Feature","geometry":{"type":"LineString","coordinates":[[-77.8614,39.1528],[-77.8558,39.162]]},"properties":{"gnis_name":"Shenandoah River","streamorde":7}},{"type":"Feature","geometry":{"type":"LineString","coordinates":[[-78.6994,39.5546],[-78.6945,39.5538]]},"properties":{"gnis_name":"North Branch Potomac River","streamorde":6}},{"type":"Feature","geometry":{"type":"LineString","coordinates":[[-78.3092,39.6304],[-78.3075,39.6299]]},"properties":{"gnis_name":"Potomac River","streamorde":7}},{"type":"Feature","geometry":{"type":"LineString","coordinates":[[-78.7355,39.612],[-78.7381,39.6099]]},"properties":{"gnis_name":"North Branch Potomac River","streamorde":6}},{"type":"Feature","geometry":{"type":"LineString","coordinates":[[-78.3977,39.617],[-78.3927,39.614]]},"properties":{"gnis_name":"Potomac River","streamorde":7}},{"type":"Feature","geometry":{"type":"LineString","coordinates":[[-77.2949,39.6328],[-77.3026,39.6402]]},"properties":{"gnis_name":"Monocacy River","streamorde":7}},{"type":"Feature","geometry":{"type":"LineString","coordinates":[[-78.4308,39.5602],[-78.4353,39.5618]]},"properties":{"gnis_name":"Potomac River","streamorde":7}},{"type":"Feature","geometry":{"type":"LineString","coordinates":[[-79.2567,39.3545],[-79.2375,39.3584]]},"properties":{"gnis_name":"North Branch Potomac River","streamorde":5}},{"type":"Feature","geometry":{"type":"LineString","coordinates":[[-78.6219,39.0792],[-78.6189,39.0793]]},"properties":{"gnis_name":"Cacapon River","streamorde":5}},{"type":"Feature","geometry":{"type":"LineString","coordinates":[[-77.7014,39.5834],[-77.705,39.5825],[-77.7033,39.5771]]},"properties":{"gnis_name":"Antietam Creek","streamorde":5}},{"type":"Feature","geometry":{"type":"LineString","coordinates":[[-77.6651,39.6538],[-77.6655,39.6517]]},"properties":{"gnis_name":"Antietam Creek","streamorde":5}},{"type":"Feature","geometry":{"type":"LineString","coordinates":[[-78.4066,39.4281],[-78.3986,39.4281]]},"properties":{"gnis_name":"Cacapon River","streamorde":6}},{"type":"Feature","geometry":{"type":"LineString","coordinates":[[-78.3559,39.5111],[-78.3555,39.5189]]},"properties":{"gnis_name":"Cacapon River","streamorde":6}},{"type":"Feature","geometry":{"type":"LineString","coordinates":[[-78.2091,39.6767],[-78.2077,39.6767]]},"properties":{"gnis_name":"Potomac River","streamorde":7}},{"type":"Feature","geometry":{"type":"LineString","coordinates":[[-78.9112,39.1574],[-78.8839,39.1923]]},"properties":{"gnis_name":"South Branch Potomac River","streamorde":6}},{"type":"Feature","geometry":{"type":"LineString","coordinates":[[-77.359,39.5484],[-77.3593,39.5471]]},"properties":{"gnis_name":"Monocacy River","streamorde":7}},{"type":"Feature","geometry":{"type":"LineString","coordinates":[[-77.7763,39.7859],[-77.7797,39.7809]]},"properties":{"gnis_name":"Conococheague Creek","streamorde":5}},{"type":"Feature","geometry":{"type":"LineString","coordinates":[[-78.9933,39.0495],[-78.9909,39.0579]]},"properties":{"gnis_name":"South Branch Potomac River","streamorde":6}},{"type":"Feature","geometry":{"type":"LineString","coordinates":[[-78.4353,39.5618],[-78.4417,39.566]]},"properties":{"gnis_name":"Potomac River","streamorde":7}},{"type":"Feature","geometry":{"type":"LineString","coordinates":[[-78.4582,39.5787],[-78.4584,39.5793]]},"properties":{"gnis_name":"Potomac River","streamorde":7}},{"type":"Feature","geometry":{"type":"LineString","coordinates":[[-77.3041,39.6405],[-77.3113,39.6396]]},"properties":{"gnis_name":"Monocacy River","streamorde":7}},{"type":"Feature","geometry":{"type":"LineString","coordinates":[[-79.4253,39.2337],[-79.4137,39.2402]]},"properties":{"gnis_name":"North Branch Potomac River","streamorde":3}},{"type":"Feature","geometry":{"type":"LineString","coordinates":[[-78.7381,39.6099],[-78.7496,39.6062]]},"properties":{"gnis_name":"North Branch Potomac River","streamorde":6}},{"type":"Feature","geometry":{"type":"LineString","coordinates":[[-77.375,39.0633],[-77.3687,39.063]]},"properties":{"gnis_name":"Potomac River","streamorde":8}},{"type":"Feature","geometry":{"type":"LineString","coordinates":[[-77.8383,39.6333],[-77.8375,39.6277]]},"properties":{"gnis_name":"Conococheague Creek","streamorde":6}},{"type":"Feature","geometry":{"type":"LineString","coordinates":[[-77.2034,38.9695],[-77.2014,38.969]]},"properties":{"gnis_name":"Potomac River","streamorde":8}},{"type":"Feature","geometry":{"type":"LineString","coordinates":[[-78.4035,39.4322],[-78.4037,39.4324]]},"properties":{"gnis_name":"Cacapon River","streamorde":6}},{"type":"Feature","geometry":{"type":"LineString","coordinates":[[-77.7999,38.9862],[-77.7955,38.9868]]},"properties":{"gnis_name":"Goose Creek","streamorde":5}},{"type":"Feature","geometry":{"type":"LineString","coordinates":[[-78.4552,39.2399],[-78.4555,39.2399]]},"properties":{"gnis_name":"Cacapon River","streamorde":5}},{"type":"Feature","geometry":{"type":"LineString","coordinates":[[-77.7992,39.7579],[-77.7993,39.7579]]},"properties":{"gnis_name":"Conococheague Creek","streamorde":5}},{"type":"Feature","geometry":{"type":"LineString","coordinates":[[-77.4976,39.0963],[-77.4975,39.0974]]},"properties":{"gnis_name":"Goose Creek","streamorde":6}},{"type":"Feature","geometry":{"type":"LineString","coordinates":[[-78.0091,39.3605],[-78.0048,39.3604]]},"properties":{"gnis_name":"Goose Creek","streamorde":2}},{"type":"Feature","geometry":{"type":"LineString","coordinates":[[-77.3373,39.0898],[-77.3368,39.0885]]},"properties":{"gnis_name":"Seneca Creek","streamorde":5}},{"type":"Feature","geometry":{"type":"LineString","coordinates":[[-77.1963,38.9688],[-77.1957,38.9689]]},"properties":{"gnis_name":"Potomac River","streamorde":8}},{"type":"Feature","geometry":{"type":"LineString","coordinates":[[-77.1708,38.9685],[-77.1684,38.9691]]},"properties":{"gnis_name":"Potomac River","streamorde":8}},{"type":"Feature","geometry":{"type":"LineString","coordinates":[[-78.3994,39.4402],[-78.3994,39.4403]]},"properties":{"gnis_name":"Cacapon River","streamorde":6}},{"type":"Feature","geometry":{"type":"LineString","coordinates":[[-77.8053,39.7124],[-77.8139,39.7138]]},"properties":{"gnis_name":"Conococheague Creek","streamorde":6}},{"type":"Feature","geometry":{"type":"LineString","coordinates":[[-77.3797,39.4272],[-77.3772,39.4242],[-77.3677,39.429],[-77.3632,39.4246]]},"properties":{"gnis_name":"Monocacy River","streamorde":7}},{"type":"Feature","geometry":{"type":"LineString","coordinates":[[-78.3567,39.6337],[-78.3586,39.6399],[-78.3489,39.6401]]},"properties":{"gnis_name":"Potomac River","streamorde":7}},{"type":"Feature","geometry":{"type":"LineString","coordinates":[[-77.0352,38.7537],[-77.0347,38.7384]]},"properties":{"gnis_name":"Potomac River","streamorde":8}},{"type":"Feature","geometry":{"type":"LineString","coordinates":[[-77.1163,38.6876],[-77.1162,38.6852]]},"properties":{"gnis_name":"Potomac River","streamorde":8}},{"type":"Feature","geometry":{"type":"LineString","coordinates":[[-77.1241,38.9383],[-77.1202,38.9352]]},"properties":{"gnis_name":"Potomac River","streamorde":8}},{"type":"Feature","geometry":{"type":"LineString","coordinates":[[-78.0037,39.3604],[-78.0023,39.3601]]},"properties":{"gnis_name":"Goose Creek","streamorde":3}},{"type":"Feature","geometry":{"type":"LineString","coordinates":[[-77.4752,39.1018],[-77.4669,39.0899]]},"properties":{"gnis_name":"Potomac River","streamorde":8}},{"type":"Feature","geometry":{"type":"LineString","coordinates":[[-78.369,39.501],[-78.362,39.5009],[-78.379,39.5095],[-78.3778,39.5152]]},"properties":{"gnis_name":"Cacapon River","streamorde":6}},{"type":"Feature","geometry":{"type":"LineString","coordinates":[[-77.5601,39.3022],[-77.5598,39.2916]]},"properties":{"gnis_name":"Potomac River","streamorde":8}},{"type":"Feature","geometry":{"type":"LineString","coordinates":[[-78.8521,39.5518],[-78.8517,39.5536]]},"properties":{"gnis_name":"North Branch Potomac River","streamorde":6}},{"type":"Feature","geometry":{"type":"LineString","coordinates":[[-77.9816,39.0676],[-77.9875,39.0721],[-77.9964,39.071]]},"properties":{"gnis_name":"Shenandoah River","streamorde":7}},{"type":"Feature","geometry":{"type":"LineString","coordinates":[[-77.4502,39.2349],[-77.4485,39.2317]]},"properties":{"gnis_name":"Monocacy River","streamorde":7}},{"type":"Feature","geometry":{"type":"LineString","coordinates":[[-77.7348,39.4401],[-77.74,39.4387]]},"properties":{"gnis_name":"Antietam Creek","streamorde":5}},{"type":"Feature","geometry":{"type":"LineString","coordinates":[[-78.8243,39.2641],[-78.8249,39.2742]]},"properties":{"gnis_name":"South Branch Potomac River","streamorde":6}},{"type":"Feature","geometry":{"type":"LineString","coordinates":[[-77.4932,39.1838],[-77.4993,39.1827]]},"properties":{"gnis_name":"Potomac River","streamorde":8}},{"type":"Feature","geometry":{"type":"LineString","coordinates":[[-77.1158,38.9288],[-77.1127,38.9253]]},"properties":{"gnis_name":"Potomac River","streamorde":8}},{"type":"Feature","geometry":{"type":"LineString","coordinates":[[-78.8531,39.2277],[-78.8514,39.2354]]},"properties":{"gnis_name":"South Branch Potomac River","streamorde":6}},{"type":"Feature","geometry":{"type":"LineString","coordinates":[[-78.6367,39.0844],[-78.6363,39.0854]]},"properties":{"gnis_name":"Cacapon River","streamorde":5}},{"type":"Feature","geometry":{"type":"LineString","coordinates":[[-77.3581,39.55],[-77.359,39.5484]]},"properties":{"gnis_name":"Monocacy River","streamorde":7}},{"type":"Feature","geometry":{"type":"LineString","coordinates":[[-77.9894,39.6006],[-77.9841,39.6]]},"properties":{"gnis_name":"Potomac River","streamorde":7}},{"type":"Feature","geometry":{"type":"LineString","coordinates":[[-78.5291,39.5246],[-78.5236,39.5251]]},"properties":{"gnis_name":"Potomac River","streamorde":7}},{"type":"Feature","geometry":{"type":"LineString","coordinates":[[-77.0958,38.6949],[-77.1163,38.6876]]},"properties":{"gnis_name":"Potomac River","streamorde":8}},{"type":"Feature","geometry":{"type":"LineString","coordinates":[[-79.1753,38.9924],[-79.1735,38.9936]]},"properties":{"gnis_name":"South Branch Potomac River","streamorde":6}},{"type":"Feature","geometry":{"type":"LineString","coordinates":[[-77.7819,39.7737],[-77.7814,39.7733]]},"properties":{"gnis_name":"Conococheague Creek","streamorde":5}},{"type":"Feature","geometry":{"type":"LineString","coordinates":[[-78.5892,39.5264],[-78.5879,39.528]]},"properties":{"gnis_name":"South Branch Potomac River","streamorde":6}},{"type":"Feature","geometry":{"type":"LineString","coordinates":[[-77.3364,39.5778],[-77.3403,39.5749],[-77.3382,39.5692]]},"properties":{"gnis_name":"Monocacy River","streamorde":7}},{"type":"Feature","geometry":{"type":"LineString","coordinates":[[-77.7272,39.3226],[-77.7266,39.3228]]},"properties":{"gnis_name":"Shenandoah River","streamorde":7}},{"type":"Feature","geometry":{"type":"LineString","coordinates":[[-78.5176,39.1758],[-78.5117,39.1792]]},"properties":{"gnis_name":"Cacapon River","streamorde":5}},{"type":"Feature","geometry":{"type":"LineString","coordinates":[[-78.3071,39.5822],[-78.3047,39.5834]]},"properties":{"gnis_name":"Cacapon River","streamorde":6}},{"type":"Feature","geometry":{"type":"LineString","coordinates":[[-77.7311,39.3209],[-77.7276,39.3224]]},"properties":{"gnis_name":"Shenandoah River","streamorde":7}},{"type":"Feature","geometry":{"type":"LineString","coordinates":[[-78.8105,39.2772],[-78.8089,39.2833],[-78.8176,39.2864],[-78.8113,39.2917]]},"properties":{"gnis_name":"South Branch Potomac River","streamorde":6}},{"type":"Feature","geometry":{"type":"LineString","coordinates":[[-77.515,39.072],[-77.5104,39.0814]]},"properties":{"gnis_name":"Goose Creek","streamorde":6}},{"type":"Feature","geometry":{"type":"LineString","coordinates":[[-77.5162,39.1686],[-77.5186,39.1636]]},"properties":{"gnis_name":"Potomac River","streamorde":8}},{"type":"Feature","geometry":{"type":"LineString","coordinates":[[-77.1582,38.9681],[-77.1552,38.9676]]},"properties":{"gnis_name":"Potomac River","streamorde":8}},{"type":"Feature","geometry":{"type":"LineString","coordinates":[[-77.0363,38.7736],[-77.0357,38.7665]]},"properties":{"gnis_name":"Potomac River","streamorde":8}},{"type":"Feature","geometry":{"type":"LineString","coordinates":[[-79.4137,39.2402],[-79.4093,39.2463]]},"properties":{"gnis_name":"North Branch Potomac River","streamorde":3}},{"type":"Feature","geometry":{"type":"LineString","coordinates":[[-78.9233,39.1401],[-78.928,39.1436]]},"properties":{"gnis_name":"South Branch Potomac River","streamorde":6}},{"type":"Feature","geometry":{"type":"LineString","coordinates":[[-77.8172,39.6237],[-77.8165,39.6226]]},"properties":{"gnis_name":"Conococheague Creek","streamorde":6}},{"type":"Feature","geometry":{"type":"LineString","coordinates":[[-77.2175,39.7117],[-77.2261,39.7094]]},"properties":{"gnis_name":"Monocacy River","streamorde":6}},{"type":"Feature","geometry":{"type":"LineString","coordinates":[[-79.0706,39.4743],[-79.0692,39.4747]]},"properties":{"gnis_name":"North Branch Potomac River","streamorde":5}},{"type":"Feature","geometry":{"type":"LineString","coordinates":[[-77.154,38.9675],[-77.1492,38.9667]]},"properties":{"gnis_name":"Potomac River","streamorde":8}},{"type":"Feature","geometry":{"type":"LineString","coordinates":[[-77.6232,39.0301],[-77.6218,39.027]]},"properties":{"gnis_name":"Goose Creek","streamorde":6}},{"type":"Feature","geometry":{"type":"LineString","coordinates":[[-77.6366,39.6844],[-77.6367,39.6835]]},"properties":{"gnis_name":"Antietam Creek","streamorde":5}},{"type":"Feature","geometry":{"type":"LineString","coordinates":[[-78.5429,39.1492],[-78.5328,39.1486],[-78.5344,39.1587]]},"properties":{"gnis_name":"Cacapon River","streamorde":5}},{"type":"Feature","geometry":{"type":"LineString","coordinates":[[-77.3466,39.5634],[-77.3477,39.5633]]},"properties":{"gnis_name":"Monocacy River","streamorde":7}},{"type":"Feature","geometry":{"type":"LineString","coordinates":[[-79.0617,39.4747],[-79.0603,39.4722]]},"properties":{"gnis_name":"North Branch Potomac River","streamorde":6}},{"type":"Feature","geometry":{"type":"LineString","coordinates":[[-77.4105,39.3179],[-77.4116,39.3139]]},"properties":{"gnis_name":"Monocacy River","streamorde":7}},{"type":"Feature","geometry":{"type":"LineString","coordinates":[[-79.166,39.3877],[-79.162,39.3888]]},"properties":{"gnis_name":"North Branch Potomac River","streamorde":5}},{"type":"Feature","geometry":{"type":"LineString","coordinates":[[-79.117,39.4319],[-79.111,39.432]]},"properties":{"gnis_name":"North Branch Potomac River","streamorde":5}},{"type":"Feature","geometry":{"type":"LineString","coordinates":[[-77.7287,39.325],[-77.7266,39.3228]]},"properties":{"gnis_name":"Potomac River","streamorde":7}},{"type":"Feature","geometry":{"type":"LineString","coordinates":[[-78.0994,39.6805],[-78.0956,39.6782]]},"properties":{"gnis_name":"Potomac River","streamorde":7}},{"type":"Feature","geometry":{"type":"LineString","coordinates":[[-77.5469,39.0333],[-77.5464,39.0337]]},"properties":{"gnis_name":"Goose Creek","streamorde":6}},{"type":"Feature","geometry":{"type":"LineString","coordinates":[[-79.4093,39.2463],[-79.3984,39.2534]]},"properties":{"gnis_name":"North Branch Potomac River","streamorde":4}},{"type":"Feature","geometry":{"type":"LineString","coordinates":[[-78.4555,39.2399],[-78.4559,39.24]]},"properties":{"gnis_name":"Cacapon River","streamorde":5}},{"type":"Feature","geometry":{"type":"LineString","coordinates":[[-78.06,39.6562],[-78.0562,39.6534]]},"properties":{"gnis_name":"Potomac River","streamorde":7}},{"type":"Feature","geometry":{"type":"LineString","coordinates":[[-78.974,39.4456],[-78.9662,39.4391]]},"properties":{"gnis_name":"North Branch Potomac River","streamorde":6}},{"type":"Feature","geometry":{"type":"LineString","coordinates":[[-78.4257,39.4555],[-78.4246,39.4584]]},"properties":{"gnis_name":"Cacapon River","streamorde":6}},{"type":"Feature","geometry":{"type":"LineString","coordinates":[[-77.4733,39.2047],[-77.4739,39.1941]]},"properties":{"gnis_name":"Potomac River","streamorde":8}},{"type":"Feature","geometry":{"type":"LineString","coordinates":[[-78.4369,39.5897],[-78.4308,39.5882]]},"properties":{"gnis_name":"Potomac River","streamorde":7}},{"type":"Feature","geometry":{"type":"LineString","coordinates":[[-78.3614,39.5101],[-78.3559,39.5111]]},"properties":{"gnis_name":"Cacapon River","streamorde":6}},{"type":"Feature","geometry":{"type":"LineString","coordinates":[[-78.756,39.3643],[-78.7412,39.3749]]},"properties":{"gnis_name":"South Branch Potomac River","streamorde":6}},{"type":"Feature","geometry":{"type":"LineString","coordinates":[[-77.3276,39.5798],[-77.3321,39.5788]]},"properties":{"gnis_name":"Monocacy River","streamorde":7}},{"type":"Feature","geometry":{"type":"LineString","coordinates":[[-78.6657,39.5387],[-78.6643,39.5374]]},"properties":{"gnis_name":"North Branch Potomac River","streamorde":6}},{"type":"Feature","geometry":{"type":"LineString","coordinates":[[-77.7521,39.381],[-77.7497,39.3763]]},"properties":{"gnis_name":"Potomac River","streamorde":7}},{"type":"Feature","geometry":{"type":"LineString","coordinates":[[-78.4348,39.3674],[-78.4313,39.3691]]},"properties":{"gnis_name":"Cacapon River","streamorde":5}},{"type":"Feature","geometry":{"type":"LineString","coordinates":[[-77.7157,39.5998],[-77.7091,39.5989]]},"properties":{"gnis_name":"Antietam Creek","streamorde":5}},{"type":"Feature","geometry":{"type":"LineString","coordinates":[[-77.3113,39.6396],[-77.3079,39.6284],[-77.2995,39.6239],[-77.3067,39.6202]]},"properties":{"gnis_name":"Monocacy River","streamorde":7}},{"type":"Feature","geometry":{"type":"LineString","coordinates":[[-79.3377,38.6255],[-79.3378,38.626]]},"properties":{"gnis_name":"South Branch Potomac River","streamorde":5}},{"type":"Feature","geometry":{"type":"LineString","coordinates":[[-78.7498,39.6078],[-78.7502,39.609]]},"properties":{"gnis_name":"North Branch Potomac River","streamorde":6}},{"type":"Feature","geometry":{"type":"LineString","coordinates":[[-77.7758,39.7682],[-77.7747,39.7664]]},"properties":{"gnis_name":"Conococheague Creek","streamorde":5}},{"type":"Feature","geometry":{"type":"LineString","coordinates":[[-78.3466,39.5283],[-78.345,39.5258]]},"properties":{"gnis_name":"Cacapon River","streamorde":6}},{"type":"Feature","geometry":{"type":"LineString","coordinates":[[-77.1996,38.9686],[-77.197,38.9687]]},"properties":{"gnis_name":"Potomac River","streamorde":8}},{"type":"Feature","geometry":{"type":"LineString","coordinates":[[-77.4013,39.3644],[-77.4099,39.3625]]},"properties":{"gnis_name":"Monocacy River","streamorde":7}},{"type":"Feature","geometry":{"type":"LineString","coordinates":[[-77.3385,39.0913],[-77.3373,39.0898]]},"properties":{"gnis_name":"Seneca Creek","streamorde":5}},{"type":"Feature","geometry":{"type":"LineString","coordinates":[[-77.0578,38.8891],[-77.057,38.8879]]},"properties":{"gnis_name":"Potomac River","streamorde":8}},{"type":"Feature","geometry":{"type":"LineString","coordinates":[[-78.1452,39.6909],[-78.1342,39.6883]]},"properties":{"gnis_name":"Potomac River","streamorde":7}},{"type":"Feature","geometry":{"type":"LineString","coordinates":[[-77.3717,39.3954],[-77.3723,39.3952]]},"properties":{"gnis_name":"Monocacy River","streamorde":7}},{"type":"Feature","geometry":{"type":"LineString","coordinates":[[-79.4733,38.5169],[-79.4724,38.517]]},"properties":{"gnis_name":"South Branch Potomac River","streamorde":5}},{"type":"Feature","geometry":{"type":"LineString","coordinates":[[-77.9299,38.9111],[-77.9224,38.9142]]},"properties":{"gnis_name":"Goose Creek","streamorde":4}},{"type":"Feature","geometry":{"type":"LineString","coordinates":[[-79.3446,38.6151],[-79.3446,38.6152]]},"properties":{"gnis_name":"South Branch Potomac River","streamorde":5}},{"type":"Feature","geometry":{"type":"LineString","coordinates":[[-78.7542,39.4169],[-78.7545,39.4188]]},"properties":{"gnis_name":"South Branch Potomac River","streamorde":6}},{"type":"Feature","geometry":{"type":"LineString","coordinates":[[-78.4063,39.4337],[-78.4065,39.4338]]},"properties":{"gnis_name":"Cacapon River","streamorde":6}},{"type":"Feature","geometry":{"type":"LineString","coordinates":[[-77.2936,39.6034],[-77.3091,39.6003],[-77.2987,39.5905]]},"properties":{"gnis_name":"Monocacy River","streamorde":7}},{"type":"Feature","geometry":{"type":"LineString","coordinates":[[-77.341,39.0684],[-77.3408,39.0656]]},"properties":{"gnis_name":"Seneca Creek","streamorde":5}},{"type":"Feature","geometry":{"type":"LineString","coordinates":[[-78.5489,39.1305],[-78.539,39.1359]]},"properties":{"gnis_name":"Cacapon River","streamorde":5}},{"type":"Feature","geometry":{"type":"LineString","coordinates":[[-78.32,39.6333],[-78.3092,39.6304]]},"properties":{"gnis_name":"Potomac River","streamorde":7}},{"type":"Feature","geometry":{"type":"LineString","coordinates":[[-78.5931,39.0822],[-78.5935,39.0823]]},"properties":{"gnis_name":"Cacapon River","streamorde":5}},{"type":"Feature","geometry":{"type":"LineString","coordinates":[[-79.0962,38.9984],[-79.0717,39.0041]]},"properties":{"gnis_name":"South Branch Potomac River","streamorde":6}},{"type":"Feature","geometry":{"type":"LineString","coordinates":[[-78.4966,39.2041],[-78.4895,39.2052]]},"properties":{"gnis_name":"Cacapon River","streamorde":5}},{"type":"Feature","geometry":{"type":"LineString","coordinates":[[-78.6201,39.4788],[-78.6187,39.4797]]},"properties":{"gnis_name":"South Branch Potomac River","streamorde":6}},{"type":"Feature","geometry":{"type":"LineString","coordinates":[[-77.1127,38.9253],[-77.112,38.9247]]},"properties":{"gnis_name":"Potomac River","streamorde":8}},{"type":"Feature","geometry":{"type":"LineString","coordinates":[[-77.4989,39.2542],[-77.4874,39.2524],[-77.4749,39.2414]]},"properties":{"gnis_name":"Potomac River","streamorde":8}},{"type":"Feature","geometry":{"type":"LineString","coordinates":[[-78.9739,39.0678],[-78.9735,39.0741]]},"properties":{"gnis_name":"South Branch Potomac River","streamorde":6}},{"type":"Feature","geometry":{"type":"LineString","coordinates":[[-78.6713,39.5409],[-78.6657,39.5387]]},"properties":{"gnis_name":"North Branch Potomac River","streamorde":6}},{"type":"Feature","geometry":{"type":"LineString","coordinates":[[-78.4321,39.34],[-78.4321,39.34]]},"properties":{"gnis_name":"Cacapon River","streamorde":5}},{"type":"Feature","geometry":{"type":"LineString","coordinates":[[-78.3407,39.5258],[-78.3403,39.5258]]},"properties":{"gnis_name":"Cacapon River","streamorde":6}},{"type":"Feature","geometry":{"type":"LineString","coordinates":[[-77.7985,39.725],[-77.7892,39.7208],[-77.7905,39.7144],[-77.8053,39.7124]]},"properties":{"gnis_name":"Conococheague Creek","streamorde":6}},{"type":"Feature","geometry":{"type":"LineString","coordinates":[[-78.641,39.5365],[-78.629,39.5394]]},"properties":{"gnis_name":"North Branch Potomac River","streamorde":6}},{"type":"Feature","geometry":{"type":"LineString","coordinates":[[-79.4696,38.5176],[-79.4682,38.5201]]},"properties":{"gnis_name":"South Branch Potomac River","streamorde":5}},{"type":"Feature","geometry":{"type":"LineString","coordinates":[[-77.7819,39.2926],[-77.7775,39.2947]]},"properties":{"gnis_name":"Shenandoah River","streamorde":7}},{"type":"Feature","geometry":{"type":"LineString","coordinates":[[-78.4244,39.6247],[-78.3977,39.617]]},"properties":{"gnis_name":"Potomac River","streamorde":7}},{"type":"Feature","geometry":{"type":"LineString","coordinates":[[-78.4308,39.3691],[-78.4305,39.3692]]},"properties":{"gnis_name":"Cacapon River","streamorde":5}},{"type":"Feature","geometry":{"type":"LineString","coordinates":[[-78.3269,39.5588],[-78.3262,39.5654]]},"properties":{"gnis_name":"Cacapon River","streamorde":6}},{"type":"Feature","geometry":{"type":"LineString","coordinates":[[-77.7094,39.5348],[-77.7076,39.5296]]},"properties":{"gnis_name":"Antietam Creek","streamorde":5}},{"type":"Feature","geometry":{"type":"LineString","coordinates":[[-78.0213,39.6195],[-78.0156,39.6117]]},"properties":{"gnis_name":"Potomac River","streamorde":7}},{"type":"Feature","geometry":{"type":"LineString","coordinates":[[-79.1419,39.4141],[-79.1426,39.4159]]},"properties":{"gnis_name":"North Branch Potomac River","streamorde":5}},{"type":"Feature","geometry":{"type":"LineString","coordinates":[[-78.598,39.0768],[-78.5978,39.0767]]},"properties":{"gnis_name":"Cacapon River","streamorde":5}},{"type":"Feature","geometry":{"type":"LineString","coordinates":[[-78.7568,39.4099],[-78.7542,39.4169]]},"properties":{"gnis_name":"South Branch Potomac River","streamorde":6}},{"type":"Feature","geometry":{"type":"LineString","coordinates":[[-77.863,39.5161],[-77.8445,39.518],[-77.8371,39.5327]]},"properties":{"gnis_name":"Potomac River","streamorde":7}},{"type":"Feature","geometry":{"type":"LineString","coordinates":[[-78.8657,39.5405],[-78.8589,39.544]]},"properties":{"gnis_name":"North Branch Potomac River","streamorde":6}},{"type":"Feature","geometry":{"type":"LineString","coordinates":[[-77.438,39.2908],[-77.4451,39.2706]]},"properties":{"gnis_name":"Monocacy River","streamorde":7}},{"type":"Feature","geometry":{"type":"LineString","coordinates":[[-77.9648,39.1008],[-77.95,39.0966]]},"properties":{"gnis_name":"Shenandoah River","streamorde":7}},{"type":"Feature","geometry":{"type":"LineString","coordinates":[[-77.8877,38.9223],[-77.8805,38.9251]]},"properties":{"gnis_name":"Goose Creek","streamorde":5}},{"type":"Feature","geometry":{"type":"LineString","coordinates":[[-77.9596,39.0791],[-77.9546,39.0892],[-77.9735,39.0917]]},"properties":{"gnis_name":"Shenandoah River","streamorde":7}},{"type":"Feature","geometry":{"type":"LineString","coordinates":[[-78.4247,39.3285],[-78.4234,39.3316]]},"properties":{"gnis_name":"Cacapon River","streamorde":5}},{"type":"Feature","geometry":{"type":"LineString","coordinates":[[-77.828,39.6014],[-77.8281,39.6013]]},"properties":{"gnis_name":"Conococheague Creek","streamorde":6}},{"type":"Feature","geometry":{"type":"LineString","coordinates":[[-78.9595,39.4622],[-78.9577,39.4639]]},"properties":{"gnis_name":"North Branch Potomac River","streamorde":6}},{"type":"Feature","geometry":{"type":"LineString","coordinates":[[-77.7107,39.5374],[-77.7094,39.5348]]},"properties":{"gnis_name":"Antietam Creek","streamorde":5}},{"type":"Feature","geometry":{"type":"LineString","coordinates":[[-79.0392,39.4782],[-79.0372,39.4771]]},"properties":{"gnis_name":"North Branch Potomac River","streamorde":6}},{"type":"Feature","geometry":{"type":"LineString","coordinates":[[-78.6919,39.4153],[-78.688,39.4132]]},"properties":{"gnis_name":"South Branch Potomac River","streamorde":6}},{"type":"Feature","geometry":{"type":"LineString","coordinates":[[-77.7497,39.3344],[-77.7446,39.3344]]},"properties":{"gnis_name":"Potomac River","streamorde":7}},{"type":"Feature","geometry":{"type":"LineString","coordinates":[[-77.6275,39.0321],[-77.6232,39.0301]]},"properties":{"gnis_name":"Goose Creek","streamorde":6}},{"type":"Feature","geometry":{"type":"LineString","coordinates":[[-78.6313,39.0879],[-78.6307,39.0878]]},"properties":{"gnis_name":"Cacapon River","streamorde":5}},{"type":"Feature","geometry":{"type":"LineString","coordinates":[[-79.0671,39.0049],[-79.0653,39.0055]]},"properties":{"gnis_name":"South Branch Potomac River","streamorde":6}},{"type":"Feature","geometry":{"type":"LineString","coordinates":[[-78.1928,39.6895],[-78.1922,39.6901]]},"properties":{"gnis_name":"Potomac River","streamorde":7}},{"type":"Feature","geometry":{"type":"LineString","coordinates":[[-77.2152,39.7152],[-77.2155,39.7145]]},"properties":{"gnis_name":"Monocacy River","streamorde":6}},{"type":"Feature","geometry":{"type":"LineString","coordinates":[[-77.5344,39.0424],[-77.5299,39.046]]},"properties":{"gnis_name":"Goose Creek","streamorde":6}},{"type":"Feature","geometry":{"type":"LineString","coordinates":[[-77.9705,39.0772],[-77.9596,39.0791]]},"properties":{"gnis_name":"Shenandoah River","streamorde":7}},{"type":"Feature","geometry":{"type":"LineString","coordinates":[[-77.352,39.5449],[-77.351,39.544]]},"properties":{"gnis_name":"Monocacy River","streamorde":7}},{"type":"Feature","geometry":{"type":"LineString","coordinates":[[-78.1922,39.6901],[-78.1917,39.6908]]},"properties":{"gnis_name":"Potomac River","streamorde":7}},{"type":"Feature","geometry":{"type":"LineString","coordinates":[[-79.2594,38.8775],[-79.2576,38.8772]]},"properties":{"gnis_name":"South Branch Potomac River","streamorde":5}},{"type":"Feature","geometry":{"type":"LineString","coordinates":[[-79.2575,39.3427],[-79.2537,39.3478],[-79.2567,39.3545]]},"properties":{"gnis_name":"North Branch Potomac River","streamorde":5}},{"type":"Feature","geometry":{"type":"LineString","coordinates":[[-79.0084,39.0196],[-79.0086,39.0221]]},"properties":{"gnis_name":"South Branch Potomac River","streamorde":6}},{"type":"Feature","geometry":{"type":"LineString","coordinates":[[-78.6001,39.5093],[-78.5901,39.5149],[-78.5711,39.5043]]},"properties":{"gnis_name":"South Branch Potomac River","streamorde":6}},{"type":"Feature","geometry":{"type":"LineString","coordinates":[[-77.8631,39.1456],[-77.8617,39.1515]]},"properties":{"gnis_name":"Shenandoah River","streamorde":7}},{"type":"Feature","geometry":{"type":"LineString","coordinates":[[-78.6179,39.08],[-78.6138,39.0799]]},"properties":{"gnis_name":"Cacapon River","streamorde":5}},{"type":"Feature","geometry":{"type":"LineString","coordinates":[[-77.9587,38.9138],[-77.9561,38.914]]},"properties":{"gnis_name":"Goose Creek","streamorde":4}},{"type":"Feature","geometry":{"type":"LineString","coordinates":[[-78.6816,39.544],[-78.6808,39.5438]]},"properties":{"gnis_name":"North Branch Potomac River","streamorde":6}},{"type":"Feature","geometry":{"type":"LineString","coordinates":[[-77.1247,38.6368],[-77.1291,38.6293]]},"properties":{"gnis_name":"Potomac River","streamorde":8}},{"type":"Feature","geometry":{"type":"LineString","coordinates":[[-77.4234,39.312],[-77.4293,39.3105],[-77.4371,39.2954]]},"properties":{"gnis_name":"Monocacy River","streamorde":7}},{"type":"Feature","geometry":{"type":"LineString","coordinates":[[-77.6056,39.7244],[-77.61,39.7149]]},"properties":{"gnis_name":"Antietam Creek","streamorde":5}},{"type":"Feature","geometry":{"type":"LineString","coordinates":[[-78.0288,39.628],[-78.0213,39.6195]]},"properties":{"gnis_name":"Potomac River","streamorde":7}},{"type":"Feature","geometry":{"type":"LineString","coordinates":[[-78.7545,39.4188],[-78.7513,39.42]]},"properties":{"gnis_name":"South Branch Potomac River","streamorde":6}},{"type":"Feature","geometry":{"type":"LineString","coordinates":[[-77.2878,39.0508],[-77.2607,39.0385]]},"properties":{"gnis_name":"Potomac River","streamorde":8}},{"type":"Feature","geometry":{"type":"LineString","coordinates":[[-77.9962,38.9056],[-77.9923,38.9053]]},"properties":{"gnis_name":"Goose Creek","streamorde":4}},{"type":"Feature","geometry":{"type":"LineString","coordinates":[[-79.4148,38.8421],[-79.4076,38.8433]]},"properties":{"gnis_name":"Seneca Creek","streamorde":5}},{"type":"Feature","geometry":{"type":"LineString","coordinates":[[-78.0357,39.636],[-78.0308,39.6296]]},"properties":{"gnis_name":"Potomac River","streamorde":7}},{"type":"Feature","geometry":{"type":"LineString","coordinates":[[-79.1279,39.4194],[-79.1278,39.4215]]},"properties":{"gnis_name":"North Branch Potomac River","streamorde":5}},{"type":"Feature","geometry":{"type":"LineString","coordinates":[[-77.9452,39.0956],[-77.9428,39.0948]]},"properties":{"gnis_name":"Shenandoah River","streamorde":7}},{"type":"Feature","geometry":{"type":"LineString","coordinates":[[-78.0914,38.9628],[-78.0898,38.9644]]},"properties":{"gnis_name":"Shenandoah River","streamorde":7}},{"type":"Feature","geometry":{"type":"LineString","coordinates":[[-78.152,38.9523],[-78.1484,38.9544]]},"properties":{"gnis_name":"Shenandoah River","streamorde":7}},{"type":"Feature","geometry":{"type":"LineString","coordinates":[[-77.4669,39.0899],[-77.4644,39.0877]]},"properties":{"gnis_name":"Potomac River","streamorde":8}},{"type":"Feature","geometry":{"type":"LineString","coordinates":[[-78.4275,39.6096],[-78.4317,39.6143]]},"properties":{"gnis_name":"Potomac River","streamorde":7}},{"type":"Feature","geometry":{"type":"LineString","coordinates":[[-78.4313,39.3691],[-78.4312,39.3691]]},"properties":{"gnis_name":"Cacapon River","streamorde":5}},{"type":"Feature","geometry":{"type":"LineString","coordinates":[[-79.4951,38.8239],[-79.496,38.8247]]},"properties":{"gnis_name":"Seneca Creek","streamorde":2}},{"type":"Feature","geometry":{"type":"LineString","coordinates":[[-78.2819,39.6209],[-78.2791,39.6208]]},"properties":{"gnis_name":"Potomac River","streamorde":7}},{"type":"Feature","geometry":{"type":"LineString","coordinates":[[-79.1055,39.4745],[-79.1005,39.4771],[-79.083,39.4716]]},"properties":{"gnis_name":"North Branch Potomac River","streamorde":5}},{"type":"Feature","geometry":{"type":"LineString","coordinates":[[-77.9264,39.6117],[-77.9249,39.608]]},"properties":{"gnis_name":"Potomac River","streamorde":7}},{"type":"Feature","geometry":{"type":"LineString","coordinates":[[-77.7878,39.2603],[-77.7814,39.2607]]},"properties":{"gnis_name":"Shenandoah River","streamorde":7}},{"type":"Feature","geometry":{"type":"LineString","coordinates":[[-78.0512,39.6506],[-78.0515,39.6478]]},"properties":{"gnis_name":"Potomac River","streamorde":7}},{"type":"Feature","geometry":{"type":"LineString","coordinates":[[-78.2823,39.6056],[-78.2771,39.6044],[-78.2734,39.6113],[-78.2827,39.6209]]},"properties":{"gnis_name":"Cacapon River","streamorde":6}},{"type":"Feature","geometry":{"type":"LineString","coordinates":[[-78.6055,39.534],[-78.599,39.5348]]},"properties":{"gnis_name":"North Branch Potomac River","streamorde":6}},{"type":"Feature","geometry":{"type":"LineString","coordinates":[[-78.5573,39.1241],[-78.5606,39.1278]]},"properties":{"gnis_name":"Cacapon River","streamorde":5}},{"type":"Feature","geometry":{"type":"LineString","coordinates":[[-77.2521,39.007],[-77.2519,39.005]]},"properties":{"gnis_name":"Potomac River","streamorde":8}},{"type":"Feature","geometry":{"type":"LineString","coordinates":[[-77.4375,39.2934],[-77.4376,39.2934]]},"properties":{"gnis_name":"Monocacy River","streamorde":7}},{"type":"Feature","geometry":{"type":"LineString","coordinates":[[-78.8277,39.2609],[-78.8243,39.2641]]},"properties":{"gnis_name":"South Branch Potomac River","streamorde":6}},{"type":"Feature","geometry":{"type":"LineString","coordinates":[[-79.4201,38.8417],[-79.4148,38.8421]]},"properties":{"gnis_name":"Seneca Creek","streamorde":5}},{"type":"Feature","geometry":{"type":"LineString","coordinates":[[-77.3512,39.5635],[-77.3588,39.5617],[-77.358,39.5501]]},"properties":{"gnis_name":"Monocacy River","streamorde":7}},{"type":"Feature","geometry":{"type":"LineString","coordinates":[[-79.4559,38.533],[-79.4552,38.5357]]},"properties":{"gnis_name":"South Branch Potomac River","streamorde":5}},{"type":"Feature","geometry":{"type":"LineString","coordinates":[[-77.9224,38.9142],[-77.9221,38.9142]]},"properties":{"gnis_name":"Goose Creek","streamorde":4}},{"type":"Feature","geometry":{"type":"LineString","coordinates":[[-77.1283,38.9472],[-77.1282,38.9464]]},"properties":{"gnis_name":"Potomac River","streamorde":8}},{"type":"Feature","geometry":{"type":"LineString","coordinates":[[-77.8002,39.7545],[-77.7983,39.7501]]},"properties":{"gnis_name":"Conococheague Creek","streamorde":6}},{"type":"Feature","geometry":{"type":"LineString","coordinates":[[-78.7323,39.5826],[-78.7315,39.5756]]},"properties":{"gnis_name":"North Branch Potomac River","streamorde":6}},{"type":"Feature","geometry":{"type":"LineString","coordinates":[[-78.3993,39.5815],[-78.3969,39.5832]]},"properties":{"gnis_name":"Potomac River","streamorde":7}},{"type":"Feature","geometry":{"type":"LineString","coordinates":[[-78.7835,39.3356],[-78.7797,39.3379]]},"properties":{"gnis_name":"South Branch Potomac River","streamorde":6}},{"type":"Feature","geometry":{"type":"LineString","coordinates":[[-78.0555,39.0236],[-78.0389,39.021]]},"properties":{"gnis_name":"Shenandoah River","streamorde":7}},{"type":"Feature","geometry":{"type":"LineString","coordinates":[[-78.0956,39.6782],[-78.0938,39.676]]},"properties":{"gnis_name":"Potomac River","streamorde":7}},{"type":"Feature","geometry":{"type":"LineString","coordinates":[[-78.1883,38.9508],[-78.1823,38.9568]]},"properties":{"gnis_name":"Shenandoah River","streamorde":7}},{"type":"Feature","geometry":{"type":"LineString","coordinates":[[-78.4261,39.4531],[-78.4257,39.4555]]},"properties":{"gnis_name":"Cacapon River","streamorde":6}},{"type":"Feature","geometry":{"type":"LineString","coordinates":[[-77.651,39.6662],[-77.6577,39.6652],[-77.6565,39.6576],[-77.6636,39.6599],[-77.6612,39.6534],[-77.6651,39.6538]]},"properties":{"gnis_name":"Antietam Creek","streamorde":5}},{"type":"Feature","geometry":{"type":"LineString","coordinates":[[-77.3895,39.3694],[-77.3925,39.368]]},"properties":{"gnis_name":"Monocacy River","streamorde":7}},{"type":"Feature","geometry":{"type":"LineString","coordinates":[[-78.1303,38.9607],[-78.1252,38.959]]},"properties":{"gnis_name":"Shenandoah River","streamorde":7}},{"type":"Feature","geometry":{"type":"LineString","coordinates":[[-78.4643,39.5202],[-78.4631,39.521]]},"properties":{"gnis_name":"Potomac River","streamorde":7}},{"type":"Feature","geometry":{"type":"LineString","coordinates":[[-77.7797,39.7809],[-77.7816,39.7794]]},"properties":{"gnis_name":"Conococheague Creek","streamorde":5}},{"type":"Feature","geometry":{"type":"LineString","coordinates":[[-77.0431,38.8764],[-77.0408,38.8746]]},"properties":{"gnis_name":"Potomac River","streamorde":8}},{"type":"Feature","geometry":{"type":"LineString","coordinates":[[-78.078,39.67],[-78.0752,39.6684]]},"properties":{"gnis_name":"Potomac River","streamorde":7}},{"type":"Feature","geometry":{"type":"LineString","coordinates":[[-77.3928,39.4425],[-77.3932,39.4423]]},"properties":{"gnis_name":"Monocacy River","streamorde":7}},{"type":"Feature","geometry":{"type":"LineString","coordinates":[[-77.8138,38.9895],[-77.8104,38.9886]]},"properties":{"gnis_name":"Goose Creek","streamorde":5}},{"type":"Feature","geometry":{"type":"LineString","coordinates":[[-77.1661,38.9694],[-77.1637,38.9692]]},"properties":{"gnis_name":"Potomac River","streamorde":8}},{"type":"Feature","geometry":{"type":"LineString","coordinates":[[-78.0898,38.9644],[-78.0851,38.9721]]},"properties":{"gnis_name":"Shenandoah River","streamorde":7}},{"type":"Feature","geometry":{"type":"LineString","coordinates":[[-77.2155,39.7145],[-77.2155,39.7144]]},"properties":{"gnis_name":"Monocacy River","streamorde":6}},{"type":"Feature","geometry":{"type":"LineString","coordinates":[[-77.439,39.2652],[-77.4384,39.2649]]},"properties":{"gnis_name":"Monocacy River","streamorde":7}},{"type":"Feature","geometry":{"type":"LineString","coordinates":[[-77.6247,39.3077],[-77.6239,39.3066]]},"properties":{"gnis_name":"Potomac River","streamorde":8}},{"type":"Feature","geometry":{"type":"LineString","coordinates":[[-79.2908,38.7353],[-79.2908,38.7364]]},"properties":{"gnis_name":"South Branch Potomac River","streamorde":5}},{"type":"Feature","geometry":{"type":"LineString","coordinates":[[-79.4894,39.2062],[-79.4776,39.2041]]},"properties":{"gnis_name":"North Branch Potomac River","streamorde":2}},{"type":"Feature","geometry":{"type":"LineString","coordinates":[[-77.9891,39.3566],[-77.9812,39.3535]]},"properties":{"gnis_name":"Goose Creek","streamorde":3}},{"type":"Feature","geometry":{"type":"LineString","coordinates":[[-78.5606,39.1278],[-78.5627,39.1295]]},"properties":{"gnis_name":"Cacapon River","streamorde":5}},{"type":"Feature","geometry":{"type":"LineString","coordinates":[[-77.2958,39.6114],[-77.2906,39.6047]]},"properties":{"gnis_name":"Monocacy River","streamorde":7}},{"type":"Feature","geometry":{"type":"LineString","coordinates":[[-77.3026,39.6402],[-77.3041,39.6405]]},"properties":{"gnis_name":"Monocacy River","streamorde":7}},{"type":"Feature","geometry":{"type":"LineString","coordinates":[[-77.3949,39.3669],[-77.3977,39.3657]]},"properties":{"gnis_name":"Monocacy River","streamorde":7}},{"type":"Feature","geometry":{"type":"LineString","coordinates":[[-77.7472,39.4172],[-77.7443,39.4084]]},"properties":{"gnis_name":"Potomac River","streamorde":7}},{"type":"Feature","geometry":{"type":"LineString","coordinates":[[-78.4261,39.6076],[-78.427,39.6082]]},"properties":{"gnis_name":"Potomac River","streamorde":7}},{"type":"Feature","geometry":{"type":"LineString","coordinates":[[-77.2912,39.6306],[-77.2949,39.6328]]},"properties":{"gnis_name":"Monocacy River","streamorde":7}},{"type":"Feature","geometry":{"type":"LineString","coordinates":[[-77.6708,39.032],[-77.6635,39.0299]]},"properties":{"gnis_name":"Goose Creek","streamorde":5}},{"type":"Feature","geometry":{"type":"LineString","coordinates":[[-78.3844,39.6239],[-78.3846,39.6242]]},"properties":{"gnis_name":"Potomac River","streamorde":7}},{"type":"Feature","geometry":{"type":"LineString","coordinates":[[-79.2825,38.81],[-79.2865,38.8139],[-79.2849,38.824],[-79.2957,38.8239]]},"properties":{"gnis_name":"South Branch Potomac River","streamorde":5}},{"type":"Feature","geometry":{"type":"LineString","coordinates":[[-78.5818,39.5159],[-78.5888,39.519],[-78.5892,39.5264]]},"properties":{"gnis_name":"South Branch Potomac River","streamorde":6}},{"type":"Feature","geometry":{"type":"LineString","coordinates":[[-78.0829,39.672],[-78.078,39.67]]},"properties":{"gnis_name":"Potomac River","streamorde":7}},{"type":"Feature","geometry":{"type":"LineString","coordinates":[[-77.6218,39.027],[-77.6115,39.0304]]},"properties":{"gnis_name":"Goose Creek","streamorde":6}},{"type":"Feature","geometry":{"type":"LineString","coordinates":[[-77.2607,39.0385],[-77.2461,39.0304]]},"properties":{"gnis_name":"Potomac River","streamorde":8}},{"type":"Feature","geometry":{"type":"LineString","coordinates":[[-79.5015,38.7834],[-79.499,38.7921]]},"properties":{"gnis_name":"Seneca Creek","streamorde":2}},{"type":"Feature","geometry":{"type":"LineString","coordinates":[[-78.8857,39.5229],[-78.877,39.5218],[-78.8711,39.5294]]},"properties":{"gnis_name":"North Branch Potomac River","streamorde":6}},{"type":"Feature","geometry":{"type":"LineString","coordinates":[[-78.8017,39.3024],[-78.8027,39.303]]},"properties":{"gnis_name":"South Branch Potomac River","streamorde":6}},{"type":"Feature","geometry":{"type":"LineString","coordinates":[[-77.7357,39.4165],[-77.7458,39.4175]]},"properties":{"gnis_name":"Antietam Creek","streamorde":5}},{"type":"Feature","geometry":{"type":"LineString","coordinates":[[-77.7323,39.3205],[-77.7311,39.3209]]},"properties":{"gnis_name":"Shenandoah River","streamorde":7}},{"type":"Feature","geometry":{"type":"LineString","coordinates":[[-77.2657,39.6555],[-77.2755,39.6475],[-77.2731,39.6442]]},"properties":{"gnis_name":"Monocacy River","streamorde":6}},{"type":"Feature","geometry":{"type":"LineString","coordinates":[[-79.3159,38.6935],[-79.3115,38.6973]]},"properties":{"gnis_name":"South Branch Potomac River","streamorde":5}},{"type":"Feature","geometry":{"type":"LineString","coordinates":[[-78.5475,39.5215],[-78.5431,39.5224]]},"properties":{"gnis_name":"Potomac River","streamorde":7}},{"type":"Feature","geometry":{"type":"LineString","coordinates":[[-78.9601,39.1033],[-78.9481,39.1056]]},"properties":{"gnis_name":"South Branch Potomac River","streamorde":6}},{"type":"Feature","geometry":{"type":"LineString","coordinates":[[-77.2482,38.9919],[-77.248,38.9917]]},"properties":{"gnis_name":"Potomac River","streamorde":8}},{"type":"Feature","geometry":{"type":"LineString","coordinates":[[-79.2825,39.3228],[-79.2761,39.3267]]},"properties":{"gnis_name":"North Branch Potomac River","streamorde":4}},{"type":"Feature","geometry":{"type":"LineString","coordinates":[[-77.2509,39.009],[-77.2521,39.007]]},"properties":{"gnis_name":"Potomac River","streamorde":8}},{"type":"Feature","geometry":{"type":"LineString","coordinates":[[-77.3075,39.0555],[-77.2936,39.0535]]},"properties":{"gnis_name":"Potomac River","streamorde":8}},{"type":"Feature","geometry":{"type":"LineString","coordinates":[[-78.5978,39.0767],[-78.5931,39.0822]]},"properties":{"gnis_name":"Cacapon River","streamorde":5}},{"type":"Feature","geometry":{"type":"LineString","coordinates":[[-77.6789,39.0324],[-77.6708,39.032]]},"properties":{"gnis_name":"Goose Creek","streamorde":5}},{"type":"Feature","geometry":{"type":"LineString","coordinates":[[-78.7245,39.5642],[-78.7171,39.5636]]},"properties":{"gnis_name":"North Branch Potomac River","streamorde":6}},{"type":"Feature","geometry":{"type":"LineString","coordinates":[[-78.4498,39.2664],[-78.4475,39.2695]]},"properties":{"gnis_name":"Cacapon River","streamorde":5}},{"type":"Feature","geometry":{"type":"LineString","coordinates":[[-78.6487,39.5358],[-78.6484,39.5359]]},"properties":{"gnis_name":"North Branch Potomac River","streamorde":6}},{"type":"Feature","geometry":{"type":"LineString","coordinates":[[-79.0168,39.4669],[-79.0125,39.4642]]},"properties":{"gnis_name":"North Branch Potomac River","streamorde":6}},{"type":"Feature","geometry":{"type":"LineString","coordinates":[[-77.0841,38.6987],[-77.0958,38.6949]]},"properties":{"gnis_name":"Potomac River","streamorde":8}},{"type":"Feature","geometry":{"type":"LineString","coordinates":[[-78.5441,39.1434],[-78.5444,39.1437]]},"properties":{"gnis_name":"Cacapon River","streamorde":5}},{"type":"Feature","geometry":{"type":"LineString","coordinates":[[-79.2742,38.7972],[-79.2741,38.7978]]},"properties":{"gnis_name":"South Branch Potomac River","streamorde":5}},{"type":"Feature","geometry":{"type":"LineString","coordinates":[[-79.2908,38.7364],[-79.2908,38.7365]]},"properties":{"gnis_name":"South Branch Potomac River","streamorde":5}},{"type":"Feature","geometry":{"type":"LineString","coordinates":[[-78.7115,39.56],[-78.7096,39.5587]]},"properties":{"gnis_name":"North Branch Potomac River","streamorde":6}},{"type":"Feature","geometry":{"type":"LineString","coordinates":[[-77.9812,39.3535],[-77.968,39.3556]]},"properties":{"gnis_name":"Goose Creek","streamorde":3}},{"type":"Feature","geometry":{"type":"LineString","coordinates":[[-78.4067,39.4281],[-78.4066,39.4281]]},"properties":{"gnis_name":"Cacapon River","streamorde":6}},{"type":"Feature","geometry":{"type":"LineString","coordinates":[[-78.0591,39.0103],[-78.0594,39.014]]},"properties":{"gnis_name":"Shenandoah River","streamorde":7}},{"type":"Feature","geometry":{"type":"LineString","coordinates":[[-77.248,39.0108],[-77.25,39.0102]]},"properties":{"gnis_name":"Potomac River","streamorde":8}},{"type":"Feature","geometry":{"type":"LineString","coordinates":[[-77.9945,39.0453],[-77.9812,39.0611],[-77.9816,39.0676]]},"properties":{"gnis_name":"Shenandoah River","streamorde":7}},{"type":"Feature","geometry":{"type":"LineString","coordinates":[[-78.4327,39.366],[-78.4328,39.3661]]},"properties":{"gnis_name":"Cacapon River","streamorde":5}},{"type":"Feature","geometry":{"type":"LineString","coordinates":[[-78.9917,39.043],[-78.9933,39.0495]]},"properties":{"gnis_name":"South Branch Potomac River","streamorde":6}},{"type":"Feature","geometry":{"type":"LineString","coordinates":[[-77.2213,38.973],[-77.2163,38.9729]]},"properties":{"gnis_name":"Potomac River","streamorde":8}},{"type":"Feature","geometry":{"type":"LineString","coordinates":[[-77.7859,39.7595],[-77.7882,39.7584]]},"properties":{"gnis_name":"Conococheague Creek","streamorde":5}},{"type":"Feature","geometry":{"type":"LineString","coordinates":[[-77.8017,39.439],[-77.8007,39.4353]]},"properties":{"gnis_name":"Potomac River","streamorde":7}},{"type":"Feature","geometry":{"type":"LineString","coordinates":[[-78.9735,39.0741],[-78.9751,39.0756]]},"properties":{"gnis_name":"South Branch Potomac River","streamorde":6}},{"type":"Feature","geometry":{"type":"LineString","coordinates":[[-79.0987,38.9937],[-79.0978,38.9953]]},"properties":{"gnis_name":"South Branch Potomac River","streamorde":6}},{"type":"Feature","geometry":{"type":"LineString","coordinates":[[-78.8514,39.5585],[-78.8514,39.5586]]},"properties":{"gnis_name":"North Branch Potomac River","streamorde":6}},{"type":"Feature","geometry":{"type":"LineString","coordinates":[[-78.3782,39.6086],[-78.3731,39.6124]]},"properties":{"gnis_name":"Potomac River","streamorde":7}},{"type":"Feature","geometry":{"type":"LineString","coordinates":[[-77.8344,39.6481],[-77.8282,39.6459],[-77.8291,39.6418],[-77.8416,39.6421]]},"properties":{"gnis_name":"Conococheague Creek","streamorde":6}},{"type":"Feature","geometry":{"type":"LineString","coordinates":[[-78.4077,39.4347],[-78.4084,39.4354]]},"properties":{"gnis_name":"Cacapon River","streamorde":6}},{"type":"Feature","geometry":{"type":"LineString","coordinates":[[-78.4079,39.4171],[-78.4142,39.4211]]},"properties":{"gnis_name":"Cacapon River","streamorde":6}},{"type":"Feature","geometry":{"type":"LineString","coordinates":[[-78.3927,39.614],[-78.3892,39.6117]]},"properties":{"gnis_name":"Potomac River","streamorde":7}},{"type":"Feature","geometry":{"type":"LineString","coordinates":[[-78.1817,39.6967],[-78.1736,39.6965]]},"properties":{"gnis_name":"Potomac River","streamorde":7}},{"type":"Feature","geometry":{"type":"LineString","coordinates":[[-77.806,39.6913],[-77.8006,39.6863],[-77.8131,39.6844]]},"properties":{"gnis_name":"Conococheague Creek","streamorde":6}},{"type":"Feature","geometry":{"type":"LineString","coordinates":[[-77.3067,39.6202],[-77.3004,39.6126]]},"properties":{"gnis_name":"Monocacy River","streamorde":7}},{"type":"Feature","geometry":{"type":"LineString","coordinates":[[-77.3905,39.4741],[-77.3969,39.4689],[-77.39,39.4641]]},"properties":{"gnis_name":"Monocacy River","streamorde":7}},{"type":"Feature","geometry":{"type":"LineString","coordinates":[[-77.95,39.0966],[-77.9452,39.0956]]},"properties":{"gnis_name":"Shenandoah River","streamorde":7}},{"type":"Feature","geometry":{"type":"LineString","coordinates":[[-77.7167,39.4845],[-77.7178,39.4833]]},"properties":{"gnis_name":"Antietam Creek","streamorde":5}},{"type":"Feature","geometry":{"type":"LineString","coordinates":[[-78.4208,39.5456],[-78.42,39.546]]},"properties":{"gnis_name":"Potomac River","streamorde":7}},{"type":"Feature","geometry":{"type":"LineString","coordinates":[[-77.829,39.5918],[-77.8302,39.5823]]},"properties":{"gnis_name":"Potomac River","streamorde":7}},{"type":"Feature","geometry":{"type":"LineString","coordinates":[[-79.495,38.5011],[-79.4891,38.5058]]},"properties":{"gnis_name":"South Branch Potomac River","streamorde":5}},{"type":"Feature","geometry":{"type":"LineString","coordinates":[[-77.809,38.9835],[-77.8026,38.9875]]},"properties":{"gnis_name":"Goose Creek","streamorde":5}},{"type":"Feature","geometry":{"type":"LineString","coordinates":[[-77.8414,39.6077],[-77.8376,39.607]]},"properties":{"gnis_name":"Potomac River","streamorde":7}},{"type":"Feature","geometry":{"type":"LineString","coordinates":[[-79.3228,38.6672],[-79.3206,38.6675]]},"properties":{"gnis_name":"South Branch Potomac River","streamorde":5}},{"type":"Feature","geometry":{"type":"LineString","coordinates":[[-77.9997,39.6014],[-77.9984,39.6014]]},"properties":{"gnis_name":"Potomac River","streamorde":7}},{"type":"Feature","geometry":{"type":"LineString","coordinates":[[-77.4579,39.2191],[-77.4605,39.2166]]},"properties":{"gnis_name":"Potomac River","streamorde":8}},{"type":"Feature","geometry":{"type":"LineString","coordinates":[[-78.4073,39.4344],[-78.4077,39.4347]]},"properties":{"gnis_name":"Cacapon River","streamorde":6}},{"type":"Feature","geometry":{"type":"LineString","coordinates":[[-78.9909,39.0579],[-78.9898,39.0618]]},"properties":{"gnis_name":"South Branch Potomac River","streamorde":6}},{"type":"Feature","geometry":{"type":"LineString","coordinates":[[-78.4144,39.43],[-78.413,39.4295]]},"properties":{"gnis_name":"Cacapon River","streamorde":6}},{"type":"Feature","geometry":{"type":"LineString","coordinates":[[-79.0044,39.4594],[-78.9993,39.4568]]},"properties":{"gnis_name":"North Branch Potomac River","streamorde":6}},{"type":"Feature","geometry":{"type":"LineString","coordinates":[[-78.0023,39.3601],[-77.9891,39.3566]]},"properties":{"gnis_name":"Goose Creek","streamorde":3}},{"type":"Feature","geometry":{"type":"LineString","coordinates":[[-78.3853,39.4782],[-78.3847,39.481]]},"properties":{"gnis_name":"Cacapon River","streamorde":6}},{"type":"Feature","geometry":{"type":"LineString","coordinates":[[-77.25,39.0102],[-77.2509,39.009]]},"properties":{"gnis_name":"Potomac River","streamorde":8}},{"type":"Feature","geometry":{"type":"LineString","coordinates":[[-78.9671,39.0971],[-78.9619,39.1024]]},"properties":{"gnis_name":"South Branch Potomac River","streamorde":6}},{"type":"Feature","geometry":{"type":"LineString","coordinates":[[-77.8162,39.659],[-77.8275,39.6606]]},"properties":{"gnis_name":"Conococheague Creek","streamorde":6}},{"type":"Feature","geometry":{"type":"LineString","coordinates":[[-78.5464,39.1448],[-78.5429,39.1492]]},"properties":{"gnis_name":"Cacapon River","streamorde":5}},{"type":"Feature","geometry":{"type":"LineString","coordinates":[[-77.8671,39.1421],[-77.8631,39.1456]]},"properties":{"gnis_name":"Shenandoah River","streamorde":7}},{"type":"Feature","geometry":{"type":"LineString","coordinates":[[-78.4128,39.5973],[-78.42,39.6022]]},"properties":{"gnis_name":"Potomac River","streamorde":7}},{"type":"Feature","geometry":{"type":"LineString","coordinates":[[-78.5824,39.0917],[-78.5742,39.0971]]},"properties":{"gnis_name":"Cacapon River","streamorde":5}},{"type":"Feature","geometry":{"type":"LineString","coordinates":[[-77.2519,39.005],[-77.2512,39.004]]},"properties":{"gnis_name":"Potomac River","streamorde":8}},{"type":"Feature","geometry":{"type":"LineString","coordinates":[[-79.3318,38.6399],[-79.329,38.6403]]},"properties":{"gnis_name":"South Branch Potomac River","streamorde":5}},{"type":"Feature","geometry":{"type":"LineString","coordinates":[[-78.8123,39.6007],[-78.8122,39.6009]]},"properties":{"gnis_name":"North Branch Potomac River","streamorde":6}},{"type":"Feature","geometry":{"type":"LineString","coordinates":[[-77.7816,39.7794],[-77.7822,39.7768]]},"properties":{"gnis_name":"Conococheague Creek","streamorde":5}},{"type":"Feature","geometry":{"type":"LineString","coordinates":[[-78.4586,39.5815],[-78.4577,39.5876],[-78.4511,39.5911],[-78.4369,39.5897]]},"properties":{"gnis_name":"Potomac River","streamorde":7}},{"type":"Feature","geometry":{"type":"LineString","coordinates":[[-78.7465,39.4207],[-78.7264,39.4151],[-78.7212,39.4219]]},"properties":{"gnis_name":"South Branch Potomac River","streamorde":6}},{"type":"Feature","geometry":{"type":"LineString","coordinates":[[-77.3326,39.5789],[-77.3364,39.5778]]},"properties":{"gnis_name":"Monocacy River","streamorde":7}},{"type":"Feature","geometry":{"type":"LineString","coordinates":[[-79.1625,39.3922],[-79.1669,39.4006],[-79.1622,39.4073]]},"properties":{"gnis_name":"North Branch Potomac River","streamorde":5}},{"type":"Feature","geometry":{"type":"LineString","coordinates":[[-78.3654,39.6277],[-78.3636,39.6268]]},"properties":{"gnis_name":"Potomac River","streamorde":7}},{"type":"Feature","geometry":{"type":"LineString","coordinates":[[-78.3986,39.4281],[-78.3992,39.4289]]},"properties":{"gnis_name":"Cacapon River","streamorde":6}},{"type":"Feature","geometry":{"type":"LineString","coordinates":[[-79.2739,38.7952],[-79.274,38.7957]]},"properties":{"gnis_name":"South Branch Potomac River","streamorde":5}},{"type":"Feature","geometry":{"type":"LineString","coordinates":[[-77.8971,38.9126],[-77.8945,38.9147]]},"properties":{"gnis_name":"Goose Creek","streamorde":5}},{"type":"Feature","geometry":{"type":"LineString","coordinates":[[-77.1039,38.9175],[-77.1028,38.9155]]},"properties":{"gnis_name":"Potomac River","streamorde":8}},{"type":"Feature","geometry":{"type":"LineString","coordinates":[[-77.1459,38.9654],[-77.1445,38.9646]]},"properties":{"gnis_name":"Potomac River","streamorde":8}},{"type":"Feature","geometry":{"type":"LineString","coordinates":[[-77.7648,39.3062],[-77.7545,39.3113]]},"properties":{"gnis_name":"Shenandoah River","streamorde":7}},{"type":"Feature","geometry":{"type":"LineString","coordinates":[[-77.1068,38.9204],[-77.1039,38.9175]]},"properties":{"gnis_name":"Potomac River","streamorde":8}},{"type":"Feature","geometry":{"type":"LineString","coordinates":[[-78.3836,39.5052],[-78.3809,39.5051]]},"properties":{"gnis_name":"Cacapon River","streamorde":6}},{"type":"Feature","geometry":{"type":"LineString","coordinates":[[-77.7033,39.5771],[-77.6968,39.5738]]},"properties":{"gnis_name":"Antietam Creek","streamorde":5}},{"type":"Feature","geometry":{"type":"LineString","coordinates":[[-77.8664,39.611],[-77.8607,39.609]]},"properties":{"gnis_name":"Potomac River","streamorde":7}},{"type":"Feature","geometry":{"type":"LineString","coordinates":[[-78.4068,39.4166],[-78.4077,39.417]]},"properties":{"gnis_name":"Cacapon River","streamorde":6}},{"type":"Feature","geometry":{"type":"LineString","coordinates":[[-78.4312,39.3691],[-78.4308,39.3691]]},"properties":{"gnis_name":"Cacapon River","streamorde":5}},{"type":"Feature","geometry":{"type":"LineString","coordinates":[[-79.1789,39.3887],[-79.1818,39.3948],[-79.1782,39.397],[-79.1697,39.3903]]},"properties":{"gnis_name":"North Branch Potomac River","streamorde":5}},{"type":"Feature","geometry":{"type":"LineString","coordinates":[[-77.3637,39.0646],[-77.3408,39.0656]]},"properties":{"gnis_name":"Potomac River","streamorde":8}},{"type":"Feature","geometry":{"type":"LineString","coordinates":[[-77.7764,39.764],[-77.7859,39.7595]]},"properties":{"gnis_name":"Conococheague Creek","streamorde":5}},{"type":"Feature","geometry":{"type":"LineString","coordinates":[[-78.4095,39.4139],[-78.4085,39.4133]]},"properties":{"gnis_name":"Cacapon River","streamorde":6}},{"type":"Feature","geometry":{"type":"LineString","coordinates":[[-77.1305,38.9504],[-77.1301,38.9496]]},"properties":{"gnis_name":"Potomac River","streamorde":8}},{"type":"Feature","geometry":{"type":"LineString","coordinates":[[-77.4116,39.3139],[-77.4188,39.3107]]},"properties":{"gnis_name":"Monocacy River","streamorde":7}},{"type":"Feature","geometry":{"type":"LineString","coordinates":[[-77.7513,39.3342],[-77.7497,39.3344]]},"properties":{"gnis_name":"Potomac River","streamorde":7}},{"type":"Feature","geometry":{"type":"LineString","coordinates":[[-77.8248,39.4942],[-77.8096,39.4913]]},"properties":{"gnis_name":"Potomac River","streamorde":7}},{"type":"Feature","geometry":{"type":"LineString","coordinates":[[-78.1565,39.693],[-78.1488,39.6919]]},"properties":{"gnis_name":"Potomac River","streamorde":7}},{"type":"Feature","geometry":{"type":"LineString","coordinates":[[-79.373,38.6025],[-79.3661,38.5977]]},"properties":{"gnis_name":"South Branch Potomac River","streamorde":5}},{"type":"Feature","geometry":{"type":"LineString","coordinates":[[-79.2761,39.3267],[-79.2721,39.328]]},"properties":{"gnis_name":"North Branch Potomac River","streamorde":4}},{"type":"Feature","geometry":{"type":"LineString","coordinates":[[-77.312,39.5823],[-77.3153,39.5806]]},"properties":{"gnis_name":"Monocacy River","streamorde":7}},{"type":"Feature","geometry":{"type":"LineString","coordinates":[[-77.7815,39.2682],[-77.7835,39.2689]]},"properties":{"gnis_name":"Shenandoah River","streamorde":7}},{"type":"Feature","geometry":{"type":"LineString","coordinates":[[-77.1942,38.969],[-77.1906,38.9687]]},"properties":{"gnis_name":"Potomac River","streamorde":8}},{"type":"Feature","geometry":{"type":"LineString","coordinates":[[-77.751,38.9947],[-77.7497,38.9953]]},"properties":{"gnis_name":"Goose Creek","streamorde":5}},{"type":"Feature","geometry":{"type":"LineString","coordinates":[[-77.1028,38.9155],[-77.1023,38.914]]},"properties":{"gnis_name":"Potomac River","streamorde":8}},{"type":"Feature","geometry":{"type":"LineString","coordinates":[[-78.6484,39.5359],[-78.6414,39.5366]]},"properties":{"gnis_name":"North Branch Potomac River","streamorde":6}},{"type":"Feature","geometry":{"type":"LineString","coordinates":[[-78.3583,39.6258],[-78.3548,39.6273]]},"properties":{"gnis_name":"Potomac River","streamorde":7}},{"type":"Feature","geometry":{"type":"LineString","coordinates":[[-78.4227,39.604],[-78.4261,39.6076]]},"properties":{"gnis_name":"Potomac River","streamorde":7}},{"type":"Feature","geometry":{"type":"LineString","coordinates":[[-78.4158,39.3148],[-78.4107,39.3218],[-78.4152,39.3252]]},"properties":{"gnis_name":"Cacapon River","streamorde":5}},{"type":"Feature","geometry":{"type":"LineString","coordinates":[[-79.2572,38.8771],[-79.253,38.8783]]},"properties":{"gnis_name":"South Branch Potomac River","streamorde":5}},{"type":"Feature","geometry":{"type":"LineString","coordinates":[[-78.8672,39.2116],[-78.855,39.2244]]},"properties":{"gnis_name":"South Branch Potomac River","streamorde":6}},{"type":"Feature","geometry":{"type":"LineString","coordinates":[[-77.6315,39.0345],[-77.6275,39.0321]]},"properties":{"gnis_name":"Goose Creek","streamorde":6}},{"type":"Feature","geometry":{"type":"LineString","coordinates":[[-78.4363,39.2903],[-78.4305,39.2959],[-78.4351,39.2956]]},"properties":{"gnis_name":"Cacapon River","streamorde":5}},{"type":"Feature","geometry":{"type":"LineString","coordinates":[[-79.0653,39.0055],[-79.0604,39.0085],[-79.0559,39.0053]]},"properties":{"gnis_name":"South Branch Potomac River","streamorde":6}},{"type":"Feature","geometry":{"type":"LineString","coordinates":[[-77.7695,38.9837],[-77.7614,38.9862]]},"properties":{"gnis_name":"Goose Creek","streamorde":5}},{"type":"Feature","geometry":{"type":"LineString","coordinates":[[-77.3359,39.1286],[-77.335,39.124]]},"properties":{"gnis_name":"Seneca Creek","streamorde":5}},{"type":"Feature","geometry":{"type":"LineString","coordinates":[[-77.057,38.8879],[-77.056,38.8871]]},"properties":{"gnis_name":"Potomac River","streamorde":8}},{"type":"Feature","geometry":{"type":"LineString","coordinates":[[-77.7993,39.7579],[-77.7994,39.7577]]},"properties":{"gnis_name":"Conococheague Creek","streamorde":6}},{"type":"Feature","geometry":{"type":"LineString","coordinates":[[-78.8672,39.5401],[-78.8657,39.5405]]},"properties":{"gnis_name":"North Branch Potomac River","streamorde":6}},{"type":"Feature","geometry":{"type":"LineString","coordinates":[[-77.9091,38.9151],[-77.8971,38.9126]]},"properties":{"gnis_name":"Goose Creek","streamorde":5}},{"type":"Feature","geometry":{"type":"LineString","coordinates":[[-78.1023,38.9591],[-78.0936,38.9614]]},"properties":{"gnis_name":"Shenandoah River","streamorde":7}},{"type":"Feature","geometry":{"type":"LineString","coordinates":[[-77.2622,39.6652],[-77.2653,39.6563]]},"properties":{"gnis_name":"Monocacy River","streamorde":6}},{"type":"Feature","geometry":{"type":"LineString","coordinates":[[-77.9943,39.0793],[-77.9705,39.0772]]},"properties":{"gnis_name":"Shenandoah River","streamorde":7}},{"type":"Feature","geometry":{"type":"LineString","coordinates":[[-78.4253,39.3775],[-78.4255,39.3775]]},"properties":{"gnis_name":"Cacapon River","streamorde":5}},{"type":"Feature","geometry":{"type":"LineString","coordinates":[[-77.8315,39.6023],[-77.8298,39.601]]},"properties":{"gnis_name":"Potomac River","streamorde":7}},{"type":"Feature","geometry":{"type":"LineString","coordinates":[[-77.4153,39.3281],[-77.4146,39.3273]]},"properties":{"gnis_name":"Monocacy River","streamorde":7}},{"type":"Feature","geometry":{"type":"LineString","coordinates":[[-78.3182,39.5727],[-78.3163,39.5754]]},"properties":{"gnis_name":"Cacapon River","streamorde":6}},{"type":"Feature","geometry":{"type":"LineString","coordinates":[[-77.8747,38.9313],[-77.87,38.931]]},"properties":{"gnis_name":"Goose Creek","streamorde":5}},{"type":"Feature","geometry":{"type":"LineString","coordinates":[[-78.4347,39.3673],[-78.4348,39.3674]]},"properties":{"gnis_name":"Cacapon River","streamorde":5}},{"type":"Feature","geometry":{"type":"LineString","coordinates":[[-78.4083,39.4657],[-78.4065,39.4733],[-78.3885,39.4705],[-78.4086,39.4811]]},"properties":{"gnis_name":"Cacapon River","streamorde":6}},{"type":"Feature","geometry":{"type":"LineString","coordinates":[[-77.7875,39.4304],[-77.7819,39.43]]},"properties":{"gnis_name":"Potomac River","streamorde":7}},{"type":"Feature","geometry":{"type":"LineString","coordinates":[[-77.2439,39.6698],[-77.245,39.6696]]},"properties":{"gnis_name":"Monocacy River","streamorde":6}},{"type":"Feature","geometry":{"type":"LineString","coordinates":[[-78.9552,39.4535],[-78.9595,39.4622]]},"properties":{"gnis_name":"North Branch Potomac River","streamorde":6}},{"type":"Feature","geometry":{"type":"LineString","coordinates":[[-77.2523,38.9956],[-77.2515,38.9954]]},"properties":{"gnis_name":"Potomac River","streamorde":8}},{"type":"Feature","geometry":{"type":"LineString","coordinates":[[-79.3375,38.6338],[-79.3318,38.6399]]},"properties":{"gnis_name":"South Branch Potomac River","streamorde":5}},{"type":"Feature","geometry":{"type":"LineString","coordinates":[[-78.3847,39.481],[-78.385,39.4813]]},"properties":{"gnis_name":"Cacapon River","streamorde":6}},{"type":"Feature","geometry":{"type":"LineString","coordinates":[[-79.1094,38.9895],[-79.1082,38.9901]]},"properties":{"gnis_name":"South Branch Potomac River","streamorde":6}},{"type":"Feature","geometry":{"type":"LineString","coordinates":[[-78.9267,39.1349],[-78.9233,39.1401]]},"properties":{"gnis_name":"South Branch Potomac River","streamorde":6}},{"type":"Feature","geometry":{"type":"LineString","coordinates":[[-77.6095,39.0307],[-77.6079,39.0263]]},"properties":{"gnis_name":"Goose Creek","streamorde":6}},{"type":"Feature","geometry":{"type":"LineString","coordinates":[[-77.5174,39.2594],[-77.4989,39.2542]]},"properties":{"gnis_name":"Potomac River","streamorde":8}},{"type":"Feature","geometry":{"type":"LineString","coordinates":[[-78.0593,39.0034],[-78.0591,39.0103]]},"properties":{"gnis_name":"Shenandoah River","streamorde":7}},{"type":"Feature","geometry":{"type":"LineString","coordinates":[[-78.9404,39.1182],[-78.9392,39.1189]]},"properties":{"gnis_name":"South Branch Potomac River","streamorde":6}},{"type":"Feature","geometry":{"type":"LineString","coordinates":[[-77.967,38.9096],[-77.966,38.9107]]},"properties":{"gnis_name":"Goose Creek","streamorde":4}},{"type":"Feature","geometry":{"type":"LineString","coordinates":[[-79.4951,38.5],[-79.495,38.5011]]},"properties":{"gnis_name":"South Branch Potomac River","streamorde":5}},{"type":"Feature","geometry":{"type":"LineString","coordinates":[[-77.6107,39.3045],[-77.6088,39.3043]]},"properties":{"gnis_name":"Potomac River","streamorde":8}},{"type":"Feature","geometry":{"type":"LineString","coordinates":[[-79.3073,38.7117],[-79.3079,38.7126]]},"properties":{"gnis_name":"South Branch Potomac River","streamorde":5}},{"type":"Feature","geometry":{"type":"LineString","coordinates":[[-77.8708,39.1388],[-77.8671,39.1421]]},"properties":{"gnis_name":"Shenandoah River","streamorde":7}},{"type":"Feature","geometry":{"type":"LineString","coordinates":[[-77.7276,39.3224],[-77.7272,39.3226]]},"properties":{"gnis_name":"Shenandoah River","streamorde":7}},{"type":"Feature","geometry":{"type":"LineString","coordinates":[[-78.4573,39.257],[-78.4575,39.2572]]},"properties":{"gnis_name":"Cacapon River","streamorde":5}},{"type":"Feature","geometry":{"type":"LineString","coordinates":[[-79.2285,38.9471],[-79.2256,38.9491]]},"properties":{"gnis_name":"South Branch Potomac River","streamorde":5}},{"type":"Feature","geometry":{"type":"LineString","coordinates":[[-78.0841,38.991],[-78.0763,38.9917]]},"properties":{"gnis_name":"Shenandoah River","streamorde":7}},{"type":"Feature","geometry":{"type":"LineString","coordinates":[[-77.0743,38.9028],[-77.073,38.9026]]},"properties":{"gnis_name":"Potomac River","streamorde":8}},{"type":"Feature","geometry":{"type":"LineString","coordinates":[[-78.6945,39.5538],[-78.6894,39.5459]]},"properties":{"gnis_name":"North Branch Potomac River","streamorde":6}},{"type":"Feature","geometry":{"type":"LineString","coordinates":[[-78.5291,39.1645],[-78.5244,39.1646],[-78.5176,39.1758]]},"properties":{"gnis_name":"Cacapon River","streamorde":5}},{"type":"Feature","geometry":{"type":"LineString","coordinates":[[-77.5257,39.058],[-77.5186,39.0699]]},"properties":{"gnis_name":"Goose Creek","streamorde":6}},{"type":"Feature","geometry":{"type":"LineString","coordinates":[[-77.5852,39.3044],[-77.5734,39.3074]]},"properties":{"gnis_name":"Potomac River","streamorde":8}},{"type":"Feature","geometry":{"type":"LineString","coordinates":[[-77.6612,39.0301],[-77.6534,39.0301]]},"properties":{"gnis_name":"Goose Creek","streamorde":5}},{"type":"Feature","geometry":{"type":"LineString","coordinates":[[-78.0876,39.6743],[-78.0829,39.672]]},"properties":{"gnis_name":"Potomac River","streamorde":7}},{"type":"Feature","geometry":{"type":"LineString","coordinates":[[-78.402,39.4546],[-78.4018,39.4545]]},"properties":{"gnis_name":"Cacapon River","streamorde":6}},{"type":"Feature","geometry":{"type":"LineString","coordinates":[[-79.4179,38.5712],[-79.4167,38.5717]]},"properties":{"gnis_name":"South Branch Potomac River","streamorde":5}},{"type":"Feature","geometry":{"type":"LineString","coordinates":[[-77.7273,39.4606],[-77.7331,39.4535]]},"properties":{"gnis_name":"Antietam Creek","streamorde":5}},{"type":"Feature","geometry":{"type":"LineString","coordinates":[[-78.3969,39.4393],[-78.3994,39.4402]]},"properties":{"gnis_name":"Cacapon River","streamorde":6}},{"type":"Feature","geometry":{"type":"LineString","coordinates":[[-78.5344,39.1587],[-78.5291,39.1645]]},"properties":{"gnis_name":"Cacapon River","streamorde":5}},{"type":"Feature","geometry":{"type":"LineString","coordinates":[[-78.3342,39.6378],[-78.3263,39.6348]]},"properties":{"gnis_name":"Potomac River","streamorde":7}},{"type":"Feature","geometry":{"type":"LineString","coordinates":[[-77.8376,39.607],[-77.8343,39.6058]]},"properties":{"gnis_name":"Potomac River","streamorde":7}},{"type":"Feature","geometry":{"type":"LineString","coordinates":[[-77.8903,38.9141],[-77.8881,38.9159]]},"properties":{"gnis_name":"Goose Creek","streamorde":5}},{"type":"Feature","geometry":{"type":"LineString","coordinates":[[-78.4332,39.3417],[-78.4307,39.3452]]},"properties":{"gnis_name":"Cacapon River","streamorde":5}},{"type":"Feature","geometry":{"type":"LineString","coordinates":[[-77.3382,39.5692],[-77.3463,39.5635]]},"properties":{"gnis_name":"Monocacy River","streamorde":7}},{"type":"Feature","geometry":{"type":"LineString","coordinates":[[-77.9407,39.0941],[-77.9323,39.0983]]},"properties":{"gnis_name":"Shenandoah River","streamorde":7}},{"type":"Feature","geometry":{"type":"LineString","coordinates":[[-78.4303,39.3449],[-78.4303,39.3448]]},"properties":{"gnis_name":"Cacapon River","streamorde":5}},{"type":"Feature","geometry":{"type":"LineString","coordinates":[[-77.8883,38.9211],[-77.8877,38.9223]]},"properties":{"gnis_name":"Goose Creek","streamorde":5}},{"type":"Feature","geometry":{"type":"LineString","coordinates":[[-77.2293,38.98],[-77.2289,38.9797]]},"properties":{"gnis_name":"Potomac River","streamorde":8}},{"type":"Feature","geometry":{"type":"LineString","coordinates":[[-79.4208,38.5685],[-79.4179,38.5712]]},"properties":{"gnis_name":"South Branch Potomac River","streamorde":5}},{"type":"Feature","geometry":{"type":"LineString","coordinates":[[-78.7496,39.6266],[-78.7397,39.6246]]},"properties":{"gnis_name":"North Branch Potomac River","streamorde":6}},{"type":"Feature","geometry":{"type":"LineString","coordinates":[[-78.3954,39.5862],[-78.3979,39.5902]]},"properties":{"gnis_name":"Potomac River","streamorde":7}},{"type":"Feature","geometry":{"type":"LineString","coordinates":[[-77.7018,39.5175],[-77.7032,39.5162]]},"properties":{"gnis_name":"Antietam Creek","streamorde":5}},{"type":"Feature","geometry":{"type":"LineString","coordinates":[[-78.4084,39.4354],[-78.4086,39.4354]]},"properties":{"gnis_name":"Cacapon River","streamorde":6}},{"type":"Feature","geometry":{"type":"LineString","coordinates":[[-78.6478,39.4581],[-78.6431,39.4608]]},"properties":{"gnis_name":"South Branch Potomac River","streamorde":6}},{"type":"Feature","geometry":{"type":"LineString","coordinates":[[-77.3936,39.4403],[-77.388,39.4373]]},"properties":{"gnis_name":"Monocacy River","streamorde":7}},{"type":"Feature","geometry":{"type":"LineString","coordinates":[[-79.4918,38.8062],[-79.4901,38.8123]]},"properties":{"gnis_name":"Seneca Creek","streamorde":2}},{"type":"Feature","geometry":{"type":"LineString","coordinates":[[-78.7335,39.6174],[-78.7355,39.612]]},"properties":{"gnis_name":"North Branch Potomac River","streamorde":6}},{"type":"Feature","geometry":{"type":"LineString","coordinates":[[-78.6739,39.439],[-78.662,39.4427],[-78.6551,39.4365],[-78.6484,39.4384],[-78.6484,39.4442],[-78.6559,39.4501],[-78.6478,39.4581]]},"properties":{"gnis_name":"South Branch Potomac River","streamorde":6}},{"type":"Feature","geometry":{"type":"LineString","coordinates":[[-78.5331,39.5235],[-78.5291,39.5246]]},"properties":{"gnis_name":"Potomac River","streamorde":7}},{"type":"Feature","geometry":{"type":"LineString","coordinates":[[-77.3393,39.1435],[-77.3374,39.1318]]},"properties":{"gnis_name":"Seneca Creek","streamorde":4}},{"type":"Feature","geometry":{"type":"LineString","coordinates":[[-78.4322,39.3401],[-78.4331,39.3416]]},"properties":{"gnis_name":"Cacapon River","streamorde":5}},{"type":"Feature","geometry":{"type":"LineString","coordinates":[[-78.4153,39.4303],[-78.4144,39.43]]},"properties":{"gnis_name":"Cacapon River","streamorde":6}},{"type":"Feature","geometry":{"type":"LineString","coordinates":[[-78.9993,39.4568],[-78.9923,39.4538]]},"properties":{"gnis_name":"North Branch Potomac River","streamorde":6}},{"type":"Feature","geometry":{"type":"LineString","coordinates":[[-78.8092,39.6082],[-78.7981,39.6052],[-78.7957,39.6111]]},"properties":{"gnis_name":"North Branch Potomac River","streamorde":6}},{"type":"Feature","geometry":{"type":"LineString","coordinates":[[-78.4247,39.3284],[-78.4247,39.3285]]},"properties":{"gnis_name":"Cacapon River","streamorde":5}},{"type":"Feature","geometry":{"type":"LineString","coordinates":[[-78.3809,39.5051],[-78.3738,39.5032]]},"properties":{"gnis_name":"Cacapon River","streamorde":6}},{"type":"Feature","geometry":{"type":"LineString","coordinates":[[-77.8806,39.5622],[-77.887,39.5588]]},"properties":{"gnis_name":"Potomac River","streamorde":7}},{"type":"Feature","geometry":{"type":"LineString","coordinates":[[-77.7545,39.3113],[-77.754,39.3116]]},"properties":{"gnis_name":"Shenandoah River","streamorde":7}},{"type":"Feature","geometry":{"type":"LineString","coordinates":[[-77.1161,38.6812],[-77.1247,38.6592]]},"properties":{"gnis_name":"Potomac River","streamorde":8}},{"type":"Feature","geometry":{"type":"LineString","coordinates":[[-78.4085,39.4133],[-78.4066,39.4165]]},"properties":{"gnis_name":"Cacapon River","streamorde":6}},{"type":"Feature","geometry":{"type":"LineString","coordinates":[[-78.5875,39.5285],[-78.5874,39.5285]]},"properties":{"gnis_name":"Potomac River","streamorde":7}},{"type":"Feature","geometry":{"type":"LineString","coordinates":[[-77.2497,38.5445],[-77.2581,38.5388]]},"properties":{"gnis_name":"Potomac River","streamorde":8}},{"type":"Feature","geometry":{"type":"LineString","coordinates":[[-77.8131,39.6844],[-77.8305,39.6866],[-77.8346,39.6806],[-77.8312,39.6757]]},"properties":{"gnis_name":"Conococheague Creek","streamorde":6}},{"type":"Feature","geometry":{"type":"LineString","coordinates":[[-79.3164,38.6586],[-79.3196,38.6614]]},"properties":{"gnis_name":"South Branch Potomac River","streamorde":5}},{"type":"Feature","geometry":{"type":"LineString","coordinates":[[-78.5613,39.1304],[-78.5489,39.1305]]},"properties":{"gnis_name":"Cacapon River","streamorde":5}},{"type":"Feature","geometry":{"type":"LineString","coordinates":[[-77.4451,39.2706],[-77.4455,39.2677]]},"properties":{"gnis_name":"Monocacy River","streamorde":7}},{"type":"Feature","geometry":{"type":"LineString","coordinates":[[-77.4689,39.211],[-77.4702,39.2099]]},"properties":{"gnis_name":"Potomac River","streamorde":8}},{"type":"Feature","geometry":{"type":"LineString","coordinates":[[-77.9841,39.6],[-77.9723,39.6034]]},"properties":{"gnis_name":"Potomac River","streamorde":7}},{"type":"Feature","geometry":{"type":"LineString","coordinates":[[-77.2763,39.6332],[-77.2843,39.6309]]},"properties":{"gnis_name":"Monocacy River","streamorde":7}},{"type":"Feature","geometry":{"type":"LineString","coordinates":[[-79.1426,39.4159],[-79.132,39.418]]},"properties":{"gnis_name":"North Branch Potomac River","streamorde":5}},{"type":"Feature","geometry":{"type":"LineString","coordinates":[[-77.1257,38.9397],[-77.1241,38.9383]]},"properties":{"gnis_name":"Potomac River","streamorde":8}},{"type":"Feature","geometry":{"type":"LineString","coordinates":[[-77.8413,39.6618],[-77.8452,39.6615]]},"properties":{"gnis_name":"Conococheague Creek","streamorde":6}},{"type":"Feature","geometry":{"type":"LineString","coordinates":[[-77.7418,39.0001],[-77.7442,39.0052]]},"properties":{"gnis_name":"Goose Creek","streamorde":5}},{"type":"Feature","geometry":{"type":"LineString","coordinates":[[-77.7847,39.292],[-77.7819,39.2926]]},"properties":{"gnis_name":"Shenandoah River","streamorde":7}},{"type":"Feature","geometry":{"type":"LineString","coordinates":[[-78.0752,39.6684],[-78.0697,39.6658]]},"properties":{"gnis_name":"Potomac River","streamorde":7}},{"type":"Feature","geometry":{"type":"LineString","coordinates":[[-77.7139,39.5043],[-77.7094,39.5001]]},"properties":{"gnis_name":"Antietam Creek","streamorde":5}},{"type":"Feature","geometry":{"type":"LineString","coordinates":[[-78.2408,39.6501],[-78.2391,39.6518]]},"properties":{"gnis_name":"Potomac River","streamorde":7}},{"type":"Feature","geometry":{"type":"LineString","coordinates":[[-78.3055,39.629],[-78.3012,39.6274]]},"properties":{"gnis_name":"Potomac River","streamorde":7}},{"type":"Feature","geometry":{"type":"LineString","coordinates":[[-77.7515,38.9928],[-77.751,38.9947]]},"properties":{"gnis_name":"Goose Creek","streamorde":5}},{"type":"Feature","geometry":{"type":"LineString","coordinates":[[-77.4797,39.1875],[-77.4932,39.1838]]},"properties":{"gnis_name":"Potomac River","streamorde":8}},{"type":"Feature","geometry":{"type":"LineString","coordinates":[[-77.1906,38.9687],[-77.1887,38.9686]]},"properties":{"gnis_name":"Potomac River","streamorde":8}},{"type":"Feature","geometry":{"type":"LineString","coordinates":[[-78.0453,39.6422],[-78.045,39.6421]]},"properties":{"gnis_name":"Potomac River","streamorde":7}},{"type":"Feature","geometry":{"type":"LineString","coordinates":[[-77.7446,39.3344],[-77.7372,39.3311]]},"properties":{"gnis_name":"Potomac River","streamorde":7}},{"type":"Feature","geometry":{"type":"LineString","coordinates":[[-77.0591,38.8979],[-77.0588,38.897]]},"properties":{"gnis_name":"Potomac River","streamorde":8}},{"type":"Feature","geometry":{"type":"LineString","coordinates":[[-77.3858,39.4624],[-77.3794,39.4623]]},"properties":{"gnis_name":"Monocacy River","streamorde":7}},{"type":"Feature","geometry":{"type":"LineString","coordinates":[[-77.3153,39.5806],[-77.3276,39.5798]]},"properties":{"gnis_name":"Monocacy River","streamorde":7}},{"type":"Feature","geometry":{"type":"LineString","coordinates":[[-77.8747,39.5631],[-77.8755,39.5631]]},"properties":{"gnis_name":"Potomac River","streamorde":7}},{"type":"Feature","geometry":{"type":"LineString","coordinates":[[-77.1202,38.9352],[-77.1175,38.9323]]},"properties":{"gnis_name":"Potomac River","streamorde":8}},{"type":"Feature","geometry":{"type":"LineString","coordinates":[[-78.9572,39.4481],[-78.9582,39.4489]]},"properties":{"gnis_name":"North Branch Potomac River","streamorde":6}},{"type":"Feature","geometry":{"type":"LineString","coordinates":[[-77.2163,38.9729],[-77.2135,38.9728]]},"properties":{"gnis_name":"Potomac River","streamorde":8}},{"type":"Feature","geometry":{"type":"LineString","coordinates":[[-77.7983,39.7501],[-77.7904,39.7475]]},"properties":{"gnis_name":"Conococheague Creek","streamorde":6}},{"type":"Feature","geometry":{"type":"LineString","coordinates":[[-77.0321,38.8063],[-77.0325,38.7968]]},"properties":{"gnis_name":"Potomac River","streamorde":8}},{"type":"Feature","geometry":{"type":"LineString","coordinates":[[-78.4004,39.4362],[-78.4002,39.4361]]},"properties":{"gnis_name":"Cacapon River","streamorde":6}},{"type":"Feature","geometry":{"type":"LineString","coordinates":[[-78.4543,39.2397],[-78.4544,39.2398]]},"properties":{"gnis_name":"Cacapon River","streamorde":5}},{"type":"Feature","geometry":{"type":"LineString","coordinates":[[-79.4767,38.5145],[-79.4742,38.5155]]},"properties":{"gnis_name":"South Branch Potomac River","streamorde":5}},{"type":"Feature","geometry":{"type":"LineString","coordinates":[[-77.2135,38.9728],[-77.2058,38.9707]]},"properties":{"gnis_name":"Potomac River","streamorde":8}},{"type":"Feature","geometry":{"type":"LineString","coordinates":[[-78.3329,39.5459],[-78.3277,39.5573]]},"properties":{"gnis_name":"Cacapon River","streamorde":6}},{"type":"Feature","geometry":{"type":"LineString","coordinates":[[-77.7082,39.0092],[-77.7035,39.0088]]},"properties":{"gnis_name":"Goose Creek","streamorde":5}},{"type":"Feature","geometry":{"type":"LineString","coordinates":[[-77.5031,39.1166],[-77.5,39.1157]]},"properties":{"gnis_name":"Potomac River","streamorde":8}},{"type":"Feature","geometry":{"type":"LineString","coordinates":[[-77.8313,39.5778],[-77.8321,39.5746]]},"properties":{"gnis_name":"Potomac River","streamorde":7}},{"type":"Feature","geometry":{"type":"LineString","coordinates":[[-78.4934,39.5186],[-78.4921,39.5186]]},"properties":{"gnis_name":"Potomac River","streamorde":7}},{"type":"Feature","geometry":{"type":"LineString","coordinates":[[-77.5195,39.1447],[-77.5178,39.1398]]},"properties":{"gnis_name":"Potomac River","streamorde":8}},{"type":"Feature","geometry":{"type":"LineString","coordinates":[[-77.7853,38.9819],[-77.7797,38.9803]]},"properties":{"gnis_name":"Goose Creek","streamorde":5}},{"type":"Feature","geometry":{"type":"LineString","coordinates":[[-77.9509,39.5986],[-77.9473,39.5859]]},"properties":{"gnis_name":"Potomac River","streamorde":7}},{"type":"Feature","geometry":{"type":"LineString","coordinates":[[-77.6393,39.6825],[-77.6398,39.6807]]},"properties":{"gnis_name":"Antietam Creek","streamorde":5}},{"type":"Feature","geometry":{"type":"LineString","coordinates":[[-78.7707,39.6218],[-78.7692,39.6214]]},"properties":{"gnis_name":"North Branch Potomac River","streamorde":6}},{"type":"Feature","geometry":{"type":"LineString","coordinates":[[-78.345,39.5258],[-78.3419,39.5259]]},"properties":{"gnis_name":"Cacapon River","streamorde":6}},{"type":"Feature","geometry":{"type":"LineString","coordinates":[[-78.4997,39.5194],[-78.4934,39.5186]]},"properties":{"gnis_name":"Potomac River","streamorde":7}},{"type":"Feature","geometry":{"type":"LineString","coordinates":[[-78.6025,39.0792],[-78.5997,39.0785]]},"properties":{"gnis_name":"Cacapon River","streamorde":5}},{"type":"Feature","geometry":{"type":"LineString","coordinates":[[-77.5611,39.0224],[-77.5615,39.0255]]},"properties":{"gnis_name":"Goose Creek","streamorde":6}},{"type":"Feature","geometry":{"type":"LineString","coordinates":[[-79.3556,38.6069],[-79.3519,38.6103]]},"properties":{"gnis_name":"South Branch Potomac River","streamorde":5}},{"type":"Feature","geometry":{"type":"LineString","coordinates":[[-78.688,39.4132],[-78.6723,39.4127],[-78.684,39.4218],[-78.68,39.4266],[-78.664,39.4176],[-78.6561,39.4186],[-78.6576,39.4281],[-78.6739,39.439]]},"properties":{"gnis_name":"South Branch Potomac River","streamorde":6}},{"type":"Feature","geometry":{"type":"LineString","coordinates":[[-77.7261,39.4689],[-77.7259,39.4658]]},"properties":{"gnis_name":"Antietam Creek","streamorde":5}},{"type":"Feature","geometry":{"type":"LineString","coordinates":[[-77.785,39.2751],[-77.7881,39.2806]]},"properties":{"gnis_name":"Shenandoah River","streamorde":7}},{"type":"Feature","geometry":{"type":"LineString","coordinates":[[-77.6367,39.6835],[-77.6393,39.6825]]},"properties":{"gnis_name":"Antietam Creek","streamorde":5}},{"type":"Feature","geometry":{"type":"LineString","coordinates":[[-77.713,39.323],[-77.6856,39.322]]},"properties":{"gnis_name":"Potomac River","streamorde":8}},{"type":"Feature","geometry":{"type":"LineString","coordinates":[[-77.1445,38.9646],[-77.1421,38.9629]]},"properties":{"gnis_name":"Potomac River","streamorde":8}},{"type":"Feature","geometry":{"type":"LineString","coordinates":[[-78.6096,39.0785],[-78.6091,39.0784]]},"properties":{"gnis_name":"Cacapon River","streamorde":5}},{"type":"Feature","geometry":{"type":"LineString","coordinates":[[-77.2761,39.6396],[-77.2792,39.6362],[-77.2763,39.6332]]},"properties":{"gnis_name":"Monocacy River","streamorde":7}},{"type":"Feature","geometry":{"type":"LineString","coordinates":[[-79.3998,38.842],[-79.3891,38.8374]]},"properties":{"gnis_name":"Seneca Creek","streamorde":5}},{"type":"Feature","geometry":{"type":"LineString","coordinates":[[-78.0594,39.014],[-78.0582,39.0187]]},"properties":{"gnis_name":"Shenandoah River","streamorde":7}},{"type":"Feature","geometry":{"type":"LineString","coordinates":[[-77.79,39.4931],[-77.7897,39.4933]]},"properties":{"gnis_name":"Potomac River","streamorde":7}},{"type":"Feature","geometry":{"type":"LineString","coordinates":[[-78.8589,39.544],[-78.8521,39.5518]]},"properties":{"gnis_name":"North Branch Potomac River","streamorde":6}},{"type":"Feature","geometry":{"type":"LineString","coordinates":[[-78.3047,39.5834],[-78.2931,39.5867],[-78.2922,39.5998],[-78.288,39.6021]]},"properties":{"gnis_name":"Cacapon River","streamorde":6}},{"type":"Feature","geometry":{"type":"LineString","coordinates":[[-77.7708,39.4995],[-77.7661,39.4966]]},"properties":{"gnis_name":"Potomac River","streamorde":7}},{"type":"Feature","geometry":{"type":"LineString","coordinates":[[-79.4887,38.8158],[-79.4906,38.8182]]},"properties":{"gnis_name":"Seneca Creek","streamorde":2}},{"type":"Feature","geometry":{"type":"LineString","coordinates":[[-78.7797,39.3379],[-78.7751,39.339]]},"properties":{"gnis_name":"South Branch Potomac River","streamorde":6}},{"type":"Feature","geometry":{"type":"LineString","coordinates":[[-77.8441,39.1858],[-77.8418,39.1876]]},"properties":{"gnis_name":"Shenandoah River","streamorde":7}},{"type":"Feature","geometry":{"type":"LineString","coordinates":[[-78.8389,39.2523],[-78.8333,39.2568]]},"properties":{"gnis_name":"South Branch Potomac River","streamorde":6}},{"type":"Feature","geometry":{"type":"LineString","coordinates":[[-78.776,39.622],[-78.7707,39.6218]]},"properties":{"gnis_name":"North Branch Potomac River","streamorde":6}},{"type":"Feature","geometry":{"type":"LineString","coordinates":[[-78.5996,39.0781],[-78.5984,39.0776]]},"properties":{"gnis_name":"Cacapon River","streamorde":5}},{"type":"Feature","geometry":{"type":"LineString","coordinates":[[-77.1722,38.9683],[-77.1708,38.9685]]},"properties":{"gnis_name":"Potomac River","streamorde":8}},{"type":"Feature","geometry":{"type":"LineString","coordinates":[[-77.7101,39.5885],[-77.7069,39.5887]]},"properties":{"gnis_name":"Antietam Creek","streamorde":5}},{"type":"Feature","geometry":{"type":"LineString","coordinates":[[-78.6091,39.0784],[-78.603,39.0789]]},"properties":{"gnis_name":"Cacapon River","streamorde":5}},{"type":"Feature","geometry":{"type":"LineString","coordinates":[[-78.2634,39.6291],[-78.257,39.6381]]},"properties":{"gnis_name":"Potomac River","streamorde":7}},{"type":"Feature","geometry":{"type":"LineString","coordinates":[[-77.9741,39.0939],[-77.9707,39.1014]]},"properties":{"gnis_name":"Shenandoah River","streamorde":7}},{"type":"Feature","geometry":{"type":"LineString","coordinates":[[-78.4204,39.452],[-78.4261,39.4531]]},"properties":{"gnis_name":"Cacapon River","streamorde":6}},{"type":"Feature","geometry":{"type":"LineString","coordinates":[[-77.7327,39.0067],[-77.725,39.0095]]},"properties":{"gnis_name":"Goose Creek","streamorde":5}},{"type":"Feature","geometry":{"type":"LineString","coordinates":[[-77.8026,38.9875],[-77.7999,38.9862]]},"properties":{"gnis_name":"Goose Creek","streamorde":5}},{"type":"Feature","geometry":{"type":"LineString","coordinates":[[-77.5614,39.0184],[-77.5611,39.0224]]},"properties":{"gnis_name":"Goose Creek","streamorde":6}},{"type":"Feature","geometry":{"type":"LineString","coordinates":[[-77.8343,39.6058],[-77.8315,39.6023]]},"properties":{"gnis_name":"Potomac River","streamorde":7}},{"type":"Feature","geometry":{"type":"LineString","coordinates":[[-77.9984,39.6014],[-77.996,39.6012]]},"properties":{"gnis_name":"Potomac River","streamorde":7}},{"type":"Feature","geometry":{"type":"LineString","coordinates":[[-78.7646,39.648],[-78.7771,39.627]]},"properties":{"gnis_name":"North Branch Potomac River","streamorde":6}},{"type":"Feature","geometry":{"type":"LineString","coordinates":[[-79.0603,39.4722],[-79.056,39.471],[-79.0531,39.4815],[-79.0464,39.4834]]},"properties":{"gnis_name":"North Branch Potomac River","streamorde":6}},{"type":"Feature","geometry":{"type":"LineString","coordinates":[[-77.2452,39.014],[-77.2462,39.0128]]},"properties":{"gnis_name":"Potomac River","streamorde":8}},{"type":"Feature","geometry":{"type":"LineString","coordinates":[[-77.6398,39.6807],[-77.6514,39.671]]},"properties":{"gnis_name":"Antietam Creek","streamorde":5}},{"type":"Feature","geometry":{"type":"LineString","coordinates":[[-78.0263,38.9053],[-78.0254,38.9054]]},"properties":{"gnis_name":"Goose Creek","streamorde":3}},{"type":"Feature","geometry":{"type":"LineString","coordinates":[[-79.2926,39.2989],[-79.2886,39.3053]]},"properties":{"gnis_name":"North Branch Potomac River","streamorde":4}},{"type":"Feature","geometry":{"type":"LineString","coordinates":[[-77.334,39.0855],[-77.3392,39.0796]]},"properties":{"gnis_name":"Seneca Creek","streamorde":5}},{"type":"Feature","geometry":{"type":"LineString","coordinates":[[-77.7035,39.0088],[-77.7002,39.0135]]},"properties":{"gnis_name":"Goose Creek","streamorde":5}},{"type":"Feature","geometry":{"type":"LineString","coordinates":[[-77.2987,39.5905],[-77.3108,39.5886],[-77.312,39.5823]]},"properties":{"gnis_name":"Monocacy River","streamorde":7}},{"type":"Feature","geometry":{"type":"LineString","coordinates":[[-78.5742,39.0971],[-78.576,39.1035]]},"properties":{"gnis_name":"Cacapon River","streamorde":5}},{"type":"Feature","geometry":{"type":"LineString","coordinates":[[-78.0497,38.908],[-78.0383,38.9068]]},"properties":{"gnis_name":"Goose Creek","streamorde":3}},{"type":"Feature","geometry":{"type":"LineString","coordinates":[[-77.8508,39.5638],[-77.8533,39.5638]]},"properties":{"gnis_name":"Potomac River","streamorde":7}},{"type":"Feature","geometry":{"type":"LineString","coordinates":[[-77.3732,39.4579],[-77.3706,39.4538]]},"properties":{"gnis_name":"Monocacy River","streamorde":7}},{"type":"Feature","geometry":{"type":"LineString","coordinates":[[-77.3389,39.1056],[-77.3422,39.1051]]},"properties":{"gnis_name":"Seneca Creek","streamorde":5}},{"type":"Feature","geometry":{"type":"LineString","coordinates":[[-79.462,38.5294],[-79.4607,38.5306]]},"properties":{"gnis_name":"South Branch Potomac River","streamorde":5}},{"type":"Feature","geometry":{"type":"LineString","coordinates":[[-78.6285,39.4706],[-78.6237,39.4776]]},"properties":{"gnis_name":"South Branch Potomac River","streamorde":6}},{"type":"Feature","geometry":{"type":"LineString","coordinates":[[-77.824,39.6741],[-77.8049,39.6613],[-77.8162,39.659]]},"properties":{"gnis_name":"Conococheague Creek","streamorde":6}},{"type":"Feature","geometry":{"type":"LineString","coordinates":[[-77.116,38.9291],[-77.1158,38.9288]]},"properties":{"gnis_name":"Potomac River","streamorde":8}},{"type":"Feature","geometry":{"type":"LineString","coordinates":[[-77.4455,39.2677],[-77.443,39.2659]]},"properties":{"gnis_name":"Monocacy River","streamorde":7}},{"type":"Feature","geometry":{"type":"LineString","coordinates":[[-77.1162,38.6852],[-77.1162,38.6847]]},"properties":{"gnis_name":"Potomac River","streamorde":8}},{"type":"Feature","geometry":{"type":"LineString","coordinates":[[-78.6169,39.4813],[-78.6196,39.4878]]},"properties":{"gnis_name":"South Branch Potomac River","streamorde":6}},{"type":"Feature","geometry":{"type":"LineString","coordinates":[[-79.1415,39.4082],[-79.1417,39.4115]]},"properties":{"gnis_name":"North Branch Potomac River","streamorde":5}},{"type":"Feature","geometry":{"type":"LineString","coordinates":[[-78.7513,39.42],[-78.7465,39.4207]]},"properties":{"gnis_name":"South Branch Potomac River","streamorde":6}},{"type":"Feature","geometry":{"type":"LineString","coordinates":[[-79.083,39.4716],[-79.0706,39.4743]]},"properties":{"gnis_name":"North Branch Potomac River","streamorde":5}},{"type":"Feature","geometry":{"type":"LineString","coordinates":[[-77.3763,39.461],[-77.3758,39.4607]]},"properties":{"gnis_name":"Monocacy River","streamorde":7}},{"type":"Feature","geometry":{"type":"LineString","coordinates":[[-77.3199,39.0592],[-77.3183,39.0577]]},"properties":{"gnis_name":"Potomac River","streamorde":8}},{"type":"Feature","geometry":{"type":"LineString","coordinates":[[-79.1035,39.4497],[-79.1021,39.4572],[-79.1085,39.457],[-79.1081,39.4612],[-79.0954,39.4639],[-79.1054,39.4721]]},"properties":{"gnis_name":"North Branch Potomac River","streamorde":5}},{"type":"Feature","geometry":{"type":"LineString","coordinates":[[-77.8185,38.9819],[-77.8148,38.9856]]},"properties":{"gnis_name":"Goose Creek","streamorde":5}},{"type":"Feature","geometry":{"type":"LineString","coordinates":[[-77.0882,38.9052],[-77.0811,38.904]]},"properties":{"gnis_name":"Potomac River","streamorde":8}},{"type":"Feature","geometry":{"type":"LineString","coordinates":[[-78.539,39.1359],[-78.5381,39.1399]]},"properties":{"gnis_name":"Cacapon River","streamorde":5}},{"type":"Feature","geometry":{"type":"LineString","coordinates":[[-78.5059,39.5201],[-78.5039,39.5194]]},"properties":{"gnis_name":"Potomac River","streamorde":7}},{"type":"Feature","geometry":{"type":"LineString","coordinates":[[-77.8299,39.595],[-77.829,39.5918]]},"properties":{"gnis_name":"Potomac River","streamorde":7}},{"type":"Feature","geometry":{"type":"LineString","coordinates":[[-77.7881,39.2806],[-77.7887,39.2885]]},"properties":{"gnis_name":"Shenandoah River","streamorde":7}},{"type":"Feature","geometry":{"type":"LineString","coordinates":[[-77.4951,39.1147],[-77.4915,39.1137]]},"properties":{"gnis_name":"Potomac River","streamorde":8}},{"type":"Feature","geometry":{"type":"LineString","coordinates":[[-77.0311,38.83],[-77.0313,38.8288]]},"properties":{"gnis_name":"Potomac River","streamorde":8}},{"type":"Feature","geometry":{"type":"LineString","coordinates":[[-77.4354,39.2632],[-77.4329,39.2617]]},"properties":{"gnis_name":"Monocacy River","streamorde":7}},{"type":"Feature","geometry":{"type":"LineString","coordinates":[[-77.8458,39.4995],[-77.8444,39.4987]]},"properties":{"gnis_name":"Potomac River","streamorde":7}},{"type":"Feature","geometry":{"type":"LineString","coordinates":[[-77.0305,38.8361],[-77.0307,38.8345]]},"properties":{"gnis_name":"Potomac River","streamorde":8}},{"type":"Feature","geometry":{"type":"LineString","coordinates":[[-79.3878,39.2674],[-79.3819,39.2669],[-79.3788,39.2718]]},"properties":{"gnis_name":"North Branch Potomac River","streamorde":4}},{"type":"Feature","geometry":{"type":"LineString","coordinates":[[-77.2428,39.0192],[-77.2433,39.0167]]},"properties":{"gnis_name":"Potomac River","streamorde":8}},{"type":"Feature","geometry":{"type":"LineString","coordinates":[[-77.831,39.7114],[-77.8333,39.7078]]},"properties":{"gnis_name":"Conococheague Creek","streamorde":6}},{"type":"Feature","geometry":{"type":"LineString","coordinates":[[-77.1887,38.9686],[-77.1873,38.9685]]},"properties":{"gnis_name":"Potomac River","streamorde":8}},{"type":"Feature","geometry":{"type":"LineString","coordinates":[[-77.101,38.9121],[-77.0975,38.9096]]},"properties":{"gnis_name":"Potomac River","streamorde":8}},{"type":"Feature","geometry":{"type":"LineString","coordinates":[[-77.069,38.7002],[-77.0841,38.6987]]},"properties":{"gnis_name":"Potomac River","streamorde":8}},{"type":"Feature","geometry":{"type":"LineString","coordinates":[[-77.7768,39.4291],[-77.7611,39.4285],[-77.7493,39.4209]]},"properties":{"gnis_name":"Potomac River","streamorde":7}},{"type":"Feature","geometry":{"type":"LineString","coordinates":[[-78.1889,38.9446],[-78.1879,38.9443]]},"properties":{"gnis_name":"Shenandoah River","streamorde":6}},{"type":"Feature","geometry":{"type":"LineString","coordinates":[[-78.9746,39.0776],[-78.9671,39.0971]]},"properties":{"gnis_name":"South Branch Potomac River","streamorde":6}},{"type":"Feature","geometry":{"type":"LineString","coordinates":[[-77.7819,39.43],[-77.7816,39.4299]]},"properties":{"gnis_name":"Potomac River","streamorde":7}},{"type":"Feature","geometry":{"type":"LineString","coordinates":[[-77.7613,39.789],[-77.7666,39.788]]},"properties":{"gnis_name":"Conococheague Creek","streamorde":5}},{"type":"Feature","geometry":{"type":"LineString","coordinates":[[-78.1823,38.9568],[-78.1781,38.963],[-78.1562,38.9535]]},"properties":{"gnis_name":"Shenandoah River","streamorde":7}},{"type":"Feature","geometry":{"type":"LineString","coordinates":[[-77.1793,38.9687],[-77.1765,38.9686]]},"properties":{"gnis_name":"Potomac River","streamorde":8}},{"type":"Feature","geometry":{"type":"LineString","coordinates":[[-79.0095,39.461],[-79.0068,39.4598]]},"properties":{"gnis_name":"North Branch Potomac River","streamorde":6}},{"type":"Feature","geometry":{"type":"LineString","coordinates":[[-78.3548,39.6273],[-78.3567,39.6337]]},"properties":{"gnis_name":"Potomac River","streamorde":7}},{"type":"Feature","geometry":{"type":"LineString","coordinates":[[-79.432,39.2243],[-79.4291,39.2236]]},"properties":{"gnis_name":"North Branch Potomac River","streamorde":3}},{"type":"Feature","geometry":{"type":"LineString","coordinates":[[-78.3514,39.5281],[-78.3466,39.5283]]},"properties":{"gnis_name":"Cacapon River","streamorde":6}},{"type":"Feature","geometry":{"type":"LineString","coordinates":[[-79.3115,38.6973],[-79.3081,38.6982]]},"properties":{"gnis_name":"South Branch Potomac River","streamorde":5}},{"type":"Feature","geometry":{"type":"LineString","coordinates":[[-79.3788,39.2718],[-79.3726,39.274]]},"properties":{"gnis_name":"North Branch Potomac River","streamorde":4}},{"type":"Feature","geometry":{"type":"LineString","coordinates":[[-78.454,39.2396],[-78.4543,39.2397]]},"properties":{"gnis_name":"Cacapon River","streamorde":5}},{"type":"Feature","geometry":{"type":"LineString","coordinates":[[-78.7496,39.6073],[-78.7498,39.6078]]},"properties":{"gnis_name":"North Branch Potomac River","streamorde":6}},{"type":"Feature","geometry":{"type":"LineString","coordinates":[[-77.7316,39.3276],[-77.7287,39.325]]},"properties":{"gnis_name":"Potomac River","streamorde":7}},{"type":"Feature","geometry":{"type":"LineString","coordinates":[[-77.6655,39.6517],[-77.6726,39.6541]]},"properties":{"gnis_name":"Antietam Creek","streamorde":5}},{"type":"Feature","geometry":{"type":"LineString","coordinates":[[-79.1229,39.4328],[-79.1219,39.4331]]},"properties":{"gnis_name":"North Branch Potomac River","streamorde":5}},{"type":"Feature","geometry":{"type":"LineString","coordinates":[[-78.0697,39.6658],[-78.0607,39.6568]]},"properties":{"gnis_name":"Potomac River","streamorde":7}},{"type":"Feature","geometry":{"type":"LineString","coordinates":[[-77.5895,39.0192],[-77.5875,39.0182]]},"properties":{"gnis_name":"Goose Creek","streamorde":6}},{"type":"Feature","geometry":{"type":"LineString","coordinates":[[-79.2256,38.9491],[-79.2203,38.9564]]},"properties":{"gnis_name":"South Branch Potomac River","streamorde":5}},{"type":"Feature","geometry":{"type":"LineString","coordinates":[[-77.6345,39.6946],[-77.6398,39.6892],[-77.6367,39.685]]},"properties":{"gnis_name":"Antietam Creek","streamorde":5}},{"type":"Feature","geometry":{"type":"LineString","coordinates":[[-78.7255,39.5669],[-78.7245,39.5642]]},"properties":{"gnis_name":"North Branch Potomac River","streamorde":6}},{"type":"Feature","geometry":{"type":"LineString","coordinates":[[-77.0597,38.8998],[-77.0594,38.8987]]},"properties":{"gnis_name":"Potomac River","streamorde":8}},{"type":"Feature","geometry":{"type":"LineString","coordinates":[[-77.5598,39.2916],[-77.5546,39.2854]]},"properties":{"gnis_name":"Potomac River","streamorde":8}},{"type":"Feature","geometry":{"type":"LineString","coordinates":[[-77.358,39.5501],[-77.3581,39.55]]},"properties":{"gnis_name":"Monocacy River","streamorde":7}},{"type":"Feature","geometry":{"type":"LineString","coordinates":[[-78.4517,39.5708],[-78.4552,39.5739]]},"properties":{"gnis_name":"Potomac River","streamorde":7}},{"type":"Feature","geometry":{"type":"LineString","coordinates":[[-77.6017,39.0223],[-77.6012,39.021]]},"properties":{"gnis_name":"Goose Creek","streamorde":6}},{"type":"Feature","geometry":{"type":"LineString","coordinates":[[-78.4631,39.521],[-78.4629,39.532]]},"properties":{"gnis_name":"Potomac River","streamorde":7}},{"type":"Feature","geometry":{"type":"LineString","coordinates":[[-78.8204,39.5743],[-78.821,39.5744]]},"properties":{"gnis_name":"North Branch Potomac River","streamorde":6}},{"type":"Feature","geometry":{"type":"LineString","coordinates":[[-79.3993,39.2553],[-79.3872,39.2637]]},"properties":{"gnis_name":"North Branch Potomac River","streamorde":4}},{"type":"Feature","geometry":{"type":"LineString","coordinates":[[-78.4739,39.2219],[-78.4665,39.2339],[-78.4579,39.2279]]},"properties":{"gnis_name":"Cacapon River","streamorde":5}},{"type":"Feature","geometry":{"type":"LineString","coordinates":[[-77.713,39.6017],[-77.7157,39.5998]]},"properties":{"gnis_name":"Antietam Creek","streamorde":5}},{"type":"Feature","geometry":{"type":"LineString","coordinates":[[-77.856,38.9534],[-77.8477,38.9551]]},"properties":{"gnis_name":"Goose Creek","streamorde":5}},{"type":"Feature","geometry":{"type":"LineString","coordinates":[[-79.3196,38.6614],[-79.3228,38.6672]]},"properties":{"gnis_name":"South Branch Potomac River","streamorde":5}},{"type":"Feature","geometry":{"type":"LineString","coordinates":[[-78.4174,39.4024],[-78.4208,39.4093]]},"properties":{"gnis_name":"Cacapon River","streamorde":5}},{"type":"Feature","geometry":{"type":"LineString","coordinates":[[-78.5896,39.5298],[-78.5875,39.5285]]},"properties":{"gnis_name":"North Branch Potomac River","streamorde":6}},{"type":"Feature","geometry":{"type":"LineString","coordinates":[[-78.5042,39.1914],[-78.4998,39.1926],[-78.501,39.2002],[-78.4966,39.2041]]},"properties":{"gnis_name":"Cacapon River","streamorde":5}},{"type":"Feature","geometry":{"type":"LineString","coordinates":[[-77.7997,39.7565],[-77.8002,39.7545]]},"properties":{"gnis_name":"Conococheague Creek","streamorde":6}},{"type":"Feature","geometry":{"type":"LineString","coordinates":[[-78.3894,39.4557],[-78.3921,39.4568]]},"properties":{"gnis_name":"Cacapon River","streamorde":6}},{"type":"Feature","geometry":{"type":"LineString","coordinates":[[-77.781,39.2613],[-77.7815,39.2682]]},"properties":{"gnis_name":"Shenandoah River","streamorde":7}},{"type":"Feature","geometry":{"type":"LineString","coordinates":[[-77.1765,38.9686],[-77.1722,38.9683]]},"properties":{"gnis_name":"Potomac River","streamorde":8}},{"type":"Feature","geometry":{"type":"LineString","coordinates":[[-78.2391,39.6518],[-78.2243,39.6613],[-78.2332,39.6736],[-78.2171,39.6769]]},"properties":{"gnis_name":"Potomac River","streamorde":7}},{"type":"Feature","geometry":{"type":"LineString","coordinates":[[-79.132,39.418],[-79.128,39.4191]]},"properties":{"gnis_name":"North Branch Potomac River","streamorde":5}},{"type":"Feature","geometry":{"type":"LineString","coordinates":[[-77.3795,39.4434],[-77.3928,39.4425]]},"properties":{"gnis_name":"Monocacy River","streamorde":7}},{"type":"Feature","geometry":{"type":"LineString","coordinates":[[-77.5744,39.0194],[-77.5669,39.0204]]},"properties":{"gnis_name":"Goose Creek","streamorde":6}},{"type":"Feature","geometry":{"type":"LineString","coordinates":[[-79.253,38.8783],[-79.2518,38.8825]]},"properties":{"gnis_name":"South Branch Potomac River","streamorde":5}},{"type":"Feature","geometry":{"type":"LineString","coordinates":[[-77.5536,39.0269],[-77.5417,39.0278]]},"properties":{"gnis_name":"Goose Creek","streamorde":6}},{"type":"Feature","geometry":{"type":"LineString","coordinates":[[-78.3075,39.6299],[-78.3055,39.629]]},"properties":{"gnis_name":"Potomac River","streamorde":7}},{"type":"Feature","geometry":{"type":"LineString","coordinates":[[-79.1111,38.9891],[-79.1099,38.9893]]},"properties":{"gnis_name":"South Branch Potomac River","streamorde":6}},{"type":"Feature","geometry":{"type":"LineString","coordinates":[[-78.5812,39.4902],[-78.5887,39.4977]]},"properties":{"gnis_name":"South Branch Potomac River","streamorde":6}},{"type":"Feature","geometry":{"type":"LineString","coordinates":[[-77.7958,39.7581],[-77.7963,39.7584]]},"properties":{"gnis_name":"Conococheague Creek","streamorde":5}},{"type":"Feature","geometry":{"type":"LineString","coordinates":[[-77.7871,39.7463],[-77.784,39.7396],[-77.7951,39.7416]]},"properties":{"gnis_name":"Conococheague Creek","streamorde":6}},{"type":"Feature","geometry":{"type":"LineString","coordinates":[[-77.2048,38.6027],[-77.2151,38.5848]]},"properties":{"gnis_name":"Potomac River","streamorde":8}},{"type":"Feature","geometry":{"type":"LineString","coordinates":[[-77.521,39.1473],[-77.5195,39.1447]]},"properties":{"gnis_name":"Potomac River","streamorde":8}},{"type":"Feature","geometry":{"type":"LineString","coordinates":[[-79.2303,38.9426],[-79.2301,38.946]]},"properties":{"gnis_name":"South Branch Potomac River","streamorde":5}},{"type":"Feature","geometry":{"type":"LineString","coordinates":[[-77.4507,39.2366],[-77.4508,39.2359]]},"properties":{"gnis_name":"Monocacy River","streamorde":7}},{"type":"Feature","geometry":{"type":"LineString","coordinates":[[-79.1601,39.4088],[-79.16,39.409]]},"properties":{"gnis_name":"North Branch Potomac River","streamorde":5}},{"type":"Feature","geometry":{"type":"LineString","coordinates":[[-77.7952,39.7575],[-77.7958,39.7581]]},"properties":{"gnis_name":"Conococheague Creek","streamorde":5}},{"type":"Feature","geometry":{"type":"LineString","coordinates":[[-79.3072,38.6996],[-79.3019,38.7078]]},"properties":{"gnis_name":"South Branch Potomac River","streamorde":5}},{"type":"Feature","geometry":{"type":"LineString","coordinates":[[-79.3151,38.6571],[-79.3164,38.6586]]},"properties":{"gnis_name":"South Branch Potomac River","streamorde":5}},{"type":"Feature","geometry":{"type":"LineString","coordinates":[[-78.172,39.696],[-78.1681,39.6954]]},"properties":{"gnis_name":"Potomac River","streamorde":7}},{"type":"Feature","geometry":{"type":"LineString","coordinates":[[-77.2243,38.9737],[-77.223,38.973]]},"properties":{"gnis_name":"Potomac River","streamorde":8}},{"type":"Feature","geometry":{"type":"LineString","coordinates":[[-78.3206,39.6336],[-78.32,39.6333]]},"properties":{"gnis_name":"Potomac River","streamorde":7}},{"type":"Feature","geometry":{"type":"LineString","coordinates":[[-77.7661,39.4966],[-77.765,39.4942]]},"properties":{"gnis_name":"Potomac River","streamorde":7}},{"type":"Feature","geometry":{"type":"LineString","coordinates":[[-78.4002,39.4361],[-78.3925,39.4342],[-78.3969,39.4393]]},"properties":{"gnis_name":"Cacapon River","streamorde":6}},{"type":"Feature","geometry":{"type":"LineString","coordinates":[[-78.5874,39.5285],[-78.5664,39.5201],[-78.5475,39.5215]]},"properties":{"gnis_name":"Potomac River","streamorde":7}},{"type":"Feature","geometry":{"type":"LineString","coordinates":[[-77.4304,39.2588],[-77.4269,39.2531],[-77.4339,39.2459]]},"properties":{"gnis_name":"Monocacy River","streamorde":7}},{"type":"Feature","geometry":{"type":"LineString","coordinates":[[-77.754,39.3116],[-77.7422,39.3199],[-77.7323,39.3205]]},"properties":{"gnis_name":"Shenandoah River","streamorde":7}},{"type":"Feature","geometry":{"type":"LineString","coordinates":[[-77.893,39.123],[-77.8908,39.1246]]},"properties":{"gnis_name":"Shenandoah River","streamorde":7}},{"type":"Feature","geometry":{"type":"LineString","coordinates":[[-77.7125,39.0063],[-77.7109,39.0063]]},"properties":{"gnis_name":"Goose Creek","streamorde":5}},{"type":"Feature","geometry":{"type":"LineString","coordinates":[[-77.8425,39.564],[-77.8508,39.5638]]},"properties":{"gnis_name":"Potomac River","streamorde":7}},{"type":"Feature","geometry":{"type":"LineString","coordinates":[[-78.3921,39.4568],[-78.405,39.461]]},"properties":{"gnis_name":"Cacapon River","streamorde":6}},{"type":"Feature","geometry":{"type":"LineString","coordinates":[[-78.4417,39.566],[-78.4457,39.5681]]},"properties":{"gnis_name":"Potomac River","streamorde":7}},{"type":"Feature","geometry":{"type":"LineString","coordinates":[[-78.4096,39.4817],[-78.3853,39.4782]]},"properties":{"gnis_name":"Cacapon River","streamorde":6}},{"type":"Feature","geometry":{"type":"LineString","coordinates":[[-77.2269,38.5642],[-77.2497,38.5445]]},"properties":{"gnis_name":"Potomac River","streamorde":8}},{"type":"Feature","geometry":{"type":"LineString","coordinates":[[-78.5948,39.0833],[-78.5969,39.0892]]},"properties":{"gnis_name":"Cacapon River","streamorde":5}},{"type":"Feature","geometry":{"type":"LineString","coordinates":[[-77.6481,39.0381],[-77.6441,39.0409]]},"properties":{"gnis_name":"Goose Creek","streamorde":6}},{"type":"Feature","geometry":{"type":"LineString","coordinates":[[-78.0602,38.908],[-78.0497,38.908]]},"properties":{"gnis_name":"Goose Creek","streamorde":2}},{"type":"Feature","geometry":{"type":"LineString","coordinates":[[-78.5627,39.1295],[-78.5622,39.1298]]},"properties":{"gnis_name":"Cacapon River","streamorde":5}},{"type":"Feature","geometry":{"type":"LineString","coordinates":[[-77.2433,39.0167],[-77.2452,39.014]]},"properties":{"gnis_name":"Potomac River","streamorde":8}},{"type":"Feature","geometry":{"type":"LineString","coordinates":[[-77.7749,39.7863],[-77.7763,39.7859]]},"properties":{"gnis_name":"Conococheague Creek","streamorde":5}},{"type":"Feature","geometry":{"type":"LineString","coordinates":[[-78.4891,39.5196],[-78.4871,39.5193]]},"properties":{"gnis_name":"Potomac River","streamorde":7}},{"type":"Feature","geometry":{"type":"LineString","coordinates":[[-77.23,38.9802],[-77.2293,38.98]]},"properties":{"gnis_name":"Potomac River","streamorde":8}},{"type":"Feature","geometry":{"type":"LineString","coordinates":[[-77.223,38.973],[-77.2213,38.973]]},"properties":{"gnis_name":"Potomac River","streamorde":8}},{"type":"Feature","geometry":{"type":"LineString","coordinates":[[-79.1046,38.9938],[-79.1012,38.9949]]},"properties":{"gnis_name":"South Branch Potomac River","streamorde":6}},{"type":"Feature","geometry":{"type":"LineString","coordinates":[[-77.7637,39.8055],[-77.7624,39.7992]]},"properties":{"gnis_name":"Conococheague Creek","streamorde":5}},{"type":"Feature","geometry":{"type":"LineString","coordinates":[[-78.634,39.0876],[-78.6333,39.088]]},"properties":{"gnis_name":"Cacapon River","streamorde":5}},{"type":"Feature","geometry":{"type":"LineString","coordinates":[[-77.1373,38.9584],[-77.1327,38.955]]},"properties":{"gnis_name":"Potomac River","streamorde":8}},{"type":"Feature","geometry":{"type":"LineString","coordinates":[[-79.3447,39.2852],[-79.3455,39.2939]]},"properties":{"gnis_name":"North Branch Potomac River","streamorde":4}},{"type":"Feature","geometry":{"type":"LineString","coordinates":[[-77.2008,38.9689],[-77.1996,38.9686]]},"properties":{"gnis_name":"Potomac River","streamorde":8}},{"type":"Feature","geometry":{"type":"LineString","coordinates":[[-77.735,39.3872],[-77.7446,39.3841]]},"properties":{"gnis_name":"Potomac River","streamorde":7}},{"type":"Feature","geometry":{"type":"LineString","coordinates":[[-78.7883,39.323],[-78.7865,39.3269]]},"properties":{"gnis_name":"South Branch Potomac River","streamorde":6}},{"type":"Feature","geometry":{"type":"LineString","coordinates":[[-79.16,39.409],[-79.1594,39.4135]]},"properties":{"gnis_name":"North Branch Potomac River","streamorde":5}},{"type":"Feature","geometry":{"type":"LineString","coordinates":[[-78.0383,38.9068],[-78.0342,38.9059]]},"properties":{"gnis_name":"Goose Creek","streamorde":3}},{"type":"Feature","geometry":{"type":"LineString","coordinates":[[-78.0139,39.3609],[-78.0129,39.361]]},"properties":{"gnis_name":"Goose Creek","streamorde":1}},{"type":"Feature","geometry":{"type":"LineString","coordinates":[[-77.7497,39.3763],[-77.7491,39.3751]]},"properties":{"gnis_name":"Potomac River","streamorde":7}},{"type":"Feature","geometry":{"type":"LineString","coordinates":[[-78.4317,39.6143],[-78.4339,39.6207],[-78.4267,39.6246]]},"properties":{"gnis_name":"Potomac River","streamorde":7}},{"type":"Feature","geometry":{"type":"LineString","coordinates":[[-77.4376,39.2934],[-77.438,39.2908]]},"properties":{"gnis_name":"Monocacy River","streamorde":7}},{"type":"Feature","geometry":{"type":"LineString","coordinates":[[-77.4339,39.2459],[-77.4352,39.2453]]},"properties":{"gnis_name":"Monocacy River","streamorde":7}},{"type":"Feature","geometry":{"type":"LineString","coordinates":[[-79.4343,38.858],[-79.4332,38.8565]]},"properties":{"gnis_name":"Seneca Creek","streamorde":5}},{"type":"Feature","geometry":{"type":"LineString","coordinates":[[-77.6399,39.3097],[-77.6369,39.3092]]},"properties":{"gnis_name":"Potomac River","streamorde":8}},{"type":"Feature","geometry":{"type":"LineString","coordinates":[[-77.8371,39.5327],[-77.8251,39.5298]]},"properties":{"gnis_name":"Potomac River","streamorde":7}},{"type":"Feature","geometry":{"type":"LineString","coordinates":[[-78.6307,39.0878],[-78.6303,39.0809],[-78.6228,39.0793]]},"properties":{"gnis_name":"Cacapon River","streamorde":5}},{"type":"Feature","geometry":{"type":"LineString","coordinates":[[-77.7032,39.5162],[-77.7052,39.5104],[-77.7107,39.51],[-77.7072,39.5069]]},"properties":{"gnis_name":"Antietam Creek","streamorde":5}},{"type":"Feature","geometry":{"type":"LineString","coordinates":[[-78.9343,39.122],[-78.9339,39.1244]]},"properties":{"gnis_name":"South Branch Potomac River","streamorde":6}},{"type":"Feature","geometry":{"type":"LineString","coordinates":[[-77.031,38.831],[-77.0311,38.83]]},"properties":{"gnis_name":"Potomac River","streamorde":8}},{"type":"Feature","geometry":{"type":"LineString","coordinates":[[-77.792,39.431],[-77.7875,39.4304]]},"properties":{"gnis_name":"Potomac River","streamorde":7}},{"type":"Feature","geometry":{"type":"LineString","coordinates":[[-77.3977,39.3657],[-77.4013,39.3644]]},"properties":{"gnis_name":"Monocacy River","streamorde":7}},{"type":"Feature","geometry":{"type":"LineString","coordinates":[[-77.714,39.4878],[-77.7167,39.4845]]},"properties":{"gnis_name":"Antietam Creek","streamorde":5}},{"type":"Feature","geometry":{"type":"LineString","coordinates":[[-77.3702,39.5197],[-77.3774,39.5089]]},"properties":{"gnis_name":"Monocacy River","streamorde":7}},{"type":"Feature","geometry":{"type":"LineString","coordinates":[[-79.2753,38.771],[-79.2771,38.7786]]},"properties":{"gnis_name":"South Branch Potomac River","streamorde":5}},{"type":"Feature","geometry":{"type":"LineString","coordinates":[[-77.577,39.018],[-77.5744,39.0194]]},"properties":{"gnis_name":"Goose Creek","streamorde":6}},{"type":"Feature","geometry":{"type":"LineString","coordinates":[[-77.1107,38.9235],[-77.1096,38.9227]]},"properties":{"gnis_name":"Potomac River","streamorde":8}},{"type":"Feature","geometry":{"type":"LineString","coordinates":[[-77.7215,39.3226],[-77.7138,39.3223]]},"properties":{"gnis_name":"Potomac River","streamorde":8}},{"type":"Feature","geometry":{"type":"LineString","coordinates":[[-77.8558,39.162],[-77.8553,39.1647]]},"properties":{"gnis_name":"Shenandoah River","streamorde":7}},{"type":"Feature","geometry":{"type":"LineString","coordinates":[[-78.42,39.546],[-78.4213,39.5531]]},"properties":{"gnis_name":"Potomac River","streamorde":7}},{"type":"Feature","geometry":{"type":"LineString","coordinates":[[-79.4257,39.2253],[-79.4253,39.2337]]},"properties":{"gnis_name":"North Branch Potomac River","streamorde":3}},{"type":"Feature","geometry":{"type":"LineString","coordinates":[[-77.7232,39.0103],[-77.7179,39.0084]]},"properties":{"gnis_name":"Goose Creek","streamorde":5}},{"type":"Feature","geometry":{"type":"LineString","coordinates":[[-77.8458,38.9549],[-77.843,38.9607]]},"properties":{"gnis_name":"Goose Creek","streamorde":5}},{"type":"Feature","geometry":{"type":"LineString","coordinates":[[-78.9577,39.4639],[-78.9564,39.4643]]},"properties":{"gnis_name":"North Branch Potomac River","streamorde":6}},{"type":"Feature","geometry":{"type":"LineString","coordinates":[[-77.2345,39.6946],[-77.2445,39.692],[-77.2344,39.679]]},"properties":{"gnis_name":"Monocacy River","streamorde":6}},{"type":"Feature","geometry":{"type":"LineString","coordinates":[[-77.9954,39.0795],[-77.9943,39.0793]]},"properties":{"gnis_name":"Shenandoah River","streamorde":7}},{"type":"Feature","geometry":{"type":"LineString","coordinates":[[-77.7331,39.4535],[-77.7292,39.4493]]},"properties":{"gnis_name":"Antietam Creek","streamorde":5}},{"type":"Feature","geometry":{"type":"LineString","coordinates":[[-78.4193,39.3642],[-78.4297,39.3647]]},"properties":{"gnis_name":"Cacapon River","streamorde":5}},{"type":"Feature","geometry":{"type":"LineString","coordinates":[[-77.9072,39.6021],[-77.8917,39.5982]]},"properties":{"gnis_name":"Potomac River","streamorde":7}},{"type":"Feature","geometry":{"type":"LineString","coordinates":[[-77.6229,39.3063],[-77.6107,39.3045]]},"properties":{"gnis_name":"Potomac River","streamorde":8}},{"type":"Feature","geometry":{"type":"LineString","coordinates":[[-78.8222,39.5758],[-78.8233,39.5764]]},"properties":{"gnis_name":"North Branch Potomac River","streamorde":6}},{"type":"Feature","geometry":{"type":"LineString","coordinates":[[-79.4768,38.8572],[-79.4677,38.8595]]},"properties":{"gnis_name":"Seneca Creek","streamorde":4}},{"type":"Feature","geometry":{"type":"LineString","coordinates":[[-77.7338,39.4297],[-77.7317,39.4219],[-77.7357,39.4165]]},"properties":{"gnis_name":"Antietam Creek","streamorde":5}},{"type":"Feature","geometry":{"type":"LineString","coordinates":[[-77.4195,39.3311],[-77.4153,39.3281]]},"properties":{"gnis_name":"Monocacy River","streamorde":7}},{"type":"Feature","geometry":{"type":"LineString","coordinates":[[-78.284,39.6043],[-78.284,39.6044]]},"properties":{"gnis_name":"Cacapon River","streamorde":6}},{"type":"Feature","geometry":{"type":"LineString","coordinates":[[-77.7566,39.3368],[-77.7513,39.3342]]},"properties":{"gnis_name":"Potomac River","streamorde":7}},{"type":"Feature","geometry":{"type":"LineString","coordinates":[[-79.3545,39.2777],[-79.3515,39.2843]]},"properties":{"gnis_name":"North Branch Potomac River","streamorde":4}},{"type":"Feature","geometry":{"type":"LineString","coordinates":[[-77.1615,38.9689],[-77.1582,38.9681]]},"properties":{"gnis_name":"Potomac River","streamorde":8}},{"type":"Feature","geometry":{"type":"LineString","coordinates":[[-77.3768,39.4433],[-77.3771,39.4433]]},"properties":{"gnis_name":"Monocacy River","streamorde":7}},{"type":"Feature","geometry":{"type":"LineString","coordinates":[[-77.7796,39.4298],[-77.7794,39.4297]]},"properties":{"gnis_name":"Potomac River","streamorde":7}},{"type":"Feature","geometry":{"type":"LineString","coordinates":[[-79.0182,39.4679],[-79.0168,39.4669]]},"properties":{"gnis_name":"North Branch Potomac River","streamorde":6}},{"type":"Feature","geometry":{"type":"LineString","coordinates":[[-77.6907,39.6345],[-77.6995,39.6324]]},"properties":{"gnis_name":"Antietam Creek","streamorde":5}},{"type":"Feature","geometry":{"type":"LineString","coordinates":[[-78.7409,39.3756],[-78.738,39.3825]]},"properties":{"gnis_name":"South Branch Potomac River","streamorde":6}},{"type":"Feature","geometry":{"type":"LineString","coordinates":[[-78.8078,39.2934],[-78.8017,39.3024]]},"properties":{"gnis_name":"South Branch Potomac River","streamorde":6}},{"type":"Feature","geometry":{"type":"LineString","coordinates":[[-77.2438,38.9825],[-77.2367,38.9786]]},"properties":{"gnis_name":"Potomac River","streamorde":8}},{"type":"Feature","geometry":{"type":"LineString","coordinates":[[-79.3065,38.7155],[-79.3018,38.7247]]},"properties":{"gnis_name":"South Branch Potomac River","streamorde":5}},{"type":"Feature","geometry":{"type":"LineString","coordinates":[[-77.3758,39.4607],[-77.374,39.4589]]},"properties":{"gnis_name":"Monocacy River","streamorde":7}},{"type":"Feature","geometry":{"type":"LineString","coordinates":[[-77.0338,38.7919],[-77.0363,38.7736]]},"properties":{"gnis_name":"Potomac River","streamorde":8}},{"type":"Feature","geometry":{"type":"LineString","coordinates":[[-77.5734,39.3074],[-77.5663,39.3071]]},"properties":{"gnis_name":"Potomac River","streamorde":8}},{"type":"Feature","geometry":{"type":"LineString","coordinates":[[-77.2529,38.9972],[-77.2523,38.9956]]},"properties":{"gnis_name":"Potomac River","streamorde":8}},{"type":"Feature","geometry":{"type":"LineString","coordinates":[[-77.5117,39.1204],[-77.5099,39.1188]]},"properties":{"gnis_name":"Potomac River","streamorde":8}},{"type":"Feature","geometry":{"type":"LineString","coordinates":[[-77.8139,39.7138],[-77.8221,39.7148]]},"properties":{"gnis_name":"Conococheague Creek","streamorde":6}},{"type":"Feature","geometry":{"type":"LineString","coordinates":[[-78.4308,39.5882],[-78.422,39.584]]},"properties":{"gnis_name":"Potomac River","streamorde":7}},{"type":"Feature","geometry":{"type":"LineString","coordinates":[[-78.9417,39.4817],[-78.9322,39.4869],[-78.9169,39.4865],[-78.9046,39.5033],[-78.9056,39.511]]},"properties":{"gnis_name":"North Branch Potomac River","streamorde":6}},{"type":"Feature","geometry":{"type":"LineString","coordinates":[[-77.422,39.3323],[-77.4195,39.3311]]},"properties":{"gnis_name":"Monocacy River","streamorde":7}},{"type":"Feature","geometry":{"type":"LineString","coordinates":[[-77.3477,39.5633],[-77.3512,39.5635]]},"properties":{"gnis_name":"Monocacy River","streamorde":7}},{"type":"Feature","geometry":{"type":"LineString","coordinates":[[-77.8418,39.1876],[-77.8407,39.1925],[-77.8494,39.197]]},"properties":{"gnis_name":"Shenandoah River","streamorde":7}},{"type":"Feature","geometry":{"type":"LineString","coordinates":[[-79.1943,38.9903],[-79.1936,38.9903]]},"properties":{"gnis_name":"South Branch Potomac River","streamorde":6}},{"type":"Feature","geometry":{"type":"LineString","coordinates":[[-77.3321,39.5788],[-77.3326,39.5789]]},"properties":{"gnis_name":"Monocacy River","streamorde":7}},{"type":"Feature","geometry":{"type":"LineString","coordinates":[[-77.8146,39.2556],[-77.7981,39.2622],[-77.7878,39.2603]]},"properties":{"gnis_name":"Shenandoah River","streamorde":7}},{"type":"Feature","geometry":{"type":"LineString","coordinates":[[-77.8908,39.1246],[-77.8836,39.131]]},"properties":{"gnis_name":"Shenandoah River","streamorde":7}},{"type":"Feature","geometry":{"type":"LineString","coordinates":[[-78.1484,38.9544],[-78.1484,38.9548]]},"properties":{"gnis_name":"Shenandoah River","streamorde":7}},{"type":"Feature","geometry":{"type":"LineString","coordinates":[[-78.7373,39.3951],[-78.7474,39.4019]]},"properties":{"gnis_name":"South Branch Potomac River","streamorde":6}},{"type":"Feature","geometry":{"type":"LineString","coordinates":[[-77.2289,38.9797],[-77.2255,38.9752]]},"properties":{"gnis_name":"Potomac River","streamorde":8}},{"type":"Feature","geometry":{"type":"LineString","coordinates":[[-78.9464,39.1125],[-78.9425,39.1154]]},"properties":{"gnis_name":"South Branch Potomac River","streamorde":6}},{"type":"Feature","geometry":{"type":"LineString","coordinates":[[-77.8509,39.1836],[-77.8441,39.1858]]},"properties":{"gnis_name":"Shenandoah River","streamorde":7}},{"type":"Feature","geometry":{"type":"LineString","coordinates":[[-77.7497,39.3831],[-77.7521,39.381]]},"properties":{"gnis_name":"Potomac River","streamorde":7}},{"type":"Feature","geometry":{"type":"LineString","coordinates":[[-79.4451,38.5468],[-79.438,38.5513]]},"properties":{"gnis_name":"South Branch Potomac River","streamorde":5}},{"type":"Feature","geometry":{"type":"LineString","coordinates":[[-78.5984,39.0776],[-78.598,39.0768]]},"properties":{"gnis_name":"Cacapon River","streamorde":5}},{"type":"Feature","geometry":{"type":"LineString","coordinates":[[-78.432,39.3399],[-78.4321,39.34]]},"properties":{"gnis_name":"Cacapon River","streamorde":5}},{"type":"Feature","geometry":{"type":"LineString","coordinates":[[-77.7814,39.2607],[-77.781,39.2613]]},"properties":{"gnis_name":"Shenandoah River","streamorde":7}},{"type":"Feature","geometry":{"type":"LineString","coordinates":[[-77.3687,39.063],[-77.3637,39.0646]]},"properties":{"gnis_name":"Potomac River","streamorde":8}},{"type":"Feature","geometry":{"type":"LineString","coordinates":[[-78.4851,39.2113],[-78.4759,39.2196]]},"properties":{"gnis_name":"Cacapon River","streamorde":5}},{"type":"Feature","geometry":{"type":"LineString","coordinates":[[-77.112,38.9247],[-77.1107,38.9235]]},"properties":{"gnis_name":"Potomac River","streamorde":8}},{"type":"Feature","geometry":{"type":"LineString","coordinates":[[-78.6365,39.0814],[-78.6367,39.0844]]},"properties":{"gnis_name":"Cacapon River","streamorde":5}},{"type":"Feature","geometry":{"type":"LineString","coordinates":[[-77.0325,38.7968],[-77.0338,38.7919]]},"properties":{"gnis_name":"Potomac River","streamorde":8}},{"type":"Feature","geometry":{"type":"LineString","coordinates":[[-77.6734,39.6542],[-77.6883,39.6496]]},"properties":{"gnis_name":"Antietam Creek","streamorde":5}},{"type":"Feature","geometry":{"type":"LineString","coordinates":[[-77.3593,39.5471],[-77.352,39.5449]]},"properties":{"gnis_name":"Monocacy River","streamorde":7}},{"type":"Feature","geometry":{"type":"LineString","coordinates":[[-78.709,39.4256],[-78.707,39.4239]]},"properties":{"gnis_name":"South Branch Potomac River","streamorde":6}},{"type":"Feature","geometry":{"type":"LineString","coordinates":[[-77.8652,39.563],[-77.869,39.563]]},"properties":{"gnis_name":"Potomac River","streamorde":7}},{"type":"Feature","geometry":{"type":"LineString","coordinates":[[-77.5355,39.2638],[-77.5338,39.263]]},"properties":{"gnis_name":"Potomac River","streamorde":8}},{"type":"Feature","geometry":{"type":"LineString","coordinates":[[-79.1082,38.9901],[-79.1065,38.991]]},"properties":{"gnis_name":"South Branch Potomac River","streamorde":6}},{"type":"Feature","geometry":{"type":"LineString","coordinates":[[-77.9707,39.1014],[-77.9648,39.1008]]},"properties":{"gnis_name":"Shenandoah River","streamorde":7}},{"type":"Feature","geometry":{"type":"LineString","coordinates":[[-78.48,39.519],[-78.4791,39.5185]]},"properties":{"gnis_name":"Potomac River","streamorde":7}},{"type":"Feature","geometry":{"type":"LineString","coordinates":[[-77.2665,38.5359],[-77.2735,38.5249]]},"properties":{"gnis_name":"Potomac River","streamorde":8}}]}